scale,phase_id,id,x_mm,y_mm,z_mm
0.65,0,LAT_V001,0.869557,0.613094,-1.193623
0.65,1,LAT_V001,5.869557,0.613094,-1.193623
0.65,2,LAT_V001,-4.130443,0.613094,-1.193623
0.65,3,LAT_V001,0.869557,5.613094,-1.193623
0.65,4,LAT_V001,0.869557,-4.386906,-1.193623
0.65,5,LAT_V001,0.869557,0.613094,3.806377
0.65,6,LAT_V001,0.869557,0.613094,-6.193623
0.65,7,LAT_V001,5.869557,5.613094,3.806377
0.65,8,LAT_V001,-4.130443,-4.386906,-6.193623
0.75,0,LAT_V001,1.003335,0.707416,-1.377257
0.75,1,LAT_V001,6.003335,0.707416,-1.377257
0.75,2,LAT_V001,-3.996665,0.707416,-1.377257
0.75,3,LAT_V001,1.003335,5.707416,-1.377257
0.75,3,LAT_V002,-27.280936,-22.576855,-14.000000
0.75,4,LAT_V001,1.003335,-4.292584,-1.377257
0.75,5,LAT_V001,1.003335,0.707416,3.622743
0.75,6,LAT_V001,1.003335,0.707416,-6.377257
0.75,7,LAT_V001,6.003335,5.707416,3.622743
0.75,7,LAT_V002,-22.280936,-22.576855,-14.000000
0.75,8,LAT_V001,-3.996665,-4.292584,-6.377257
0.85,0,LAT_V001,1.137113,0.801738,-1.560892
0.85,0,LAT_V002,-27.147158,-27.482533,-16.800000
0.85,1,LAT_V001,6.137113,0.801738,-1.560892
0.85,1,LAT_V002,-22.147158,-27.482533,-16.800000
0.85,2,LAT_V001,-3.862887,0.801738,-1.560892
0.85,2,LAT_V002,-32.147158,-27.482533,-16.800000
0.85,3,LAT_V001,1.137113,5.801738,-1.560892
0.85,3,LAT_V002,-27.147158,-22.482533,-1.560892
0.85,4,LAT_V001,1.137113,-4.198262,-1.560892
0.85,5,LAT_V001,1.137113,0.801738,3.439108
0.85,5,LAT_V002,1.137113,29.086009,-24.845163
0.85,6,LAT_V001,1.137113,0.801738,-6.560892
0.85,6,LAT_V002,-27.147158,-27.482533,-6.560892
0.85,7,LAT_V001,6.137113,5.801738,3.439108
0.85,7,LAT_V002,-22.147158,-22.482533,-18.800000
0.85,8,LAT_V001,-3.862887,-4.198262,-6.560892
0.95,0,LAT_V001,1.270891,0.896060,-1.744526
0.95,0,LAT_V002,-27.013380,-27.388211,-1.744526
0.95,1,LAT_V001,6.270891,0.896060,-1.744526
0.95,1,LAT_V002,6.270891,29.180331,-30.028797
0.95,1,LAT_V003,-22.013380,-27.388211,-1.744526
0.95,1,LAT_V004,-22.013380,0.896060,26.539745
0.95,2,LAT_V001,-3.729109,0.896060,-1.744526
0.95,2,LAT_V002,-32.013380,-27.388211,-1.744526
0.95,2,LAT_V003,52.839434,0.896060,-1.744526
0.95,3,LAT_V001,1.270891,5.896060,-1.744526
0.95,3,LAT_V002,-27.013380,-22.388211,-1.744526
0.95,3,LAT_V003,57.839434,5.896060,12.400000
0.95,4,LAT_V001,1.270891,-4.103940,-1.744526
0.95,4,LAT_V002,-27.013380,-32.388211,-19.600000
0.95,5,LAT_V001,1.270891,0.896060,3.255474
0.95,5,LAT_V002,1.270891,29.180331,-25.028797
0.95,6,LAT_V001,1.270891,0.896060,-6.744526
0.95,6,LAT_V002,-27.013380,-27.388211,-6.744526
0.95,6,LAT_V003,-27.013380,0.896060,21.539745
0.95,6,LAT_V004,29.555163,0.896060,21.539745
0.95,7,LAT_V001,6.270891,5.896060,3.255474
0.95,7,LAT_V002,-22.013380,5.896060,-25.028797
0.95,7,LAT_V003,6.270891,34.180331,-25.028797
0.95,7,LAT_V004,-22.013380,-22.388211,3.255474
0.95,8,LAT_V001,-3.729109,-4.103940,-6.744526
0.95,8,LAT_V002,-32.013380,-32.388211,-6.744526
0.95,8,LAT_V003,24.555163,-4.103940,21.539745
1.05,0,LAT_V001,1.404669,0.990382,-1.928160
1.05,0,LAT_V002,-26.879602,0.990382,-30.212432
1.05,0,LAT_V003,1.404669,29.274653,-30.212432
1.05,0,LAT_V004,-26.879602,-27.293889,-1.928160
1.05,0,LAT_V005,57.973212,0.990382,-1.928160
1.05,0,LAT_V006,-26.879602,0.990382,26.356111
1.05,0,LAT_V007,29.688941,0.990382,26.356111
1.05,1,LAT_V001,6.404669,0.990382,-1.928160
1.05,1,LAT_V002,-21.879602,0.990382,-30.212432
1.05,1,LAT_V003,6.404669,29.274653,-30.212432
1.05,1,LAT_V004,-21.879602,-27.293889,-1.928160
1.05,1,LAT_V005,-21.879602,0.990382,26.356111
1.05,1,LAT_V006,34.688941,0.990382,26.356111
1.05,2,LAT_V001,-3.595331,0.990382,-1.928160
1.05,2,LAT_V002,24.688941,0.990382,-30.212432
1.05,2,LAT_V003,-3.595331,29.274653,-30.212432
1.05,2,LAT_V004,-31.879602,-27.293889,-1.928160
1.05,2,LAT_V005,52.973212,0.990382,-1.928160
1.05,2,LAT_V006,-31.879602,0.990382,26.356111
1.05,2,LAT_V007,24.688941,0.990382,26.356111
1.05,3,LAT_V001,1.404669,5.990382,-1.928160
1.05,3,LAT_V002,1.404669,34.274653,-30.212432
1.05,3,LAT_V003,-26.879602,-22.293889,-1.928160
1.05,3,LAT_V004,29.688941,-22.293889,-1.928160
1.05,3,LAT_V005,57.973212,5.990382,-1.928160
1.05,3,LAT_V006,1.404669,-22.293889,26.356111
1.05,3,LAT_V007,-26.879602,5.990382,26.356111
1.05,3,LAT_V008,29.688941,5.990382,26.356111
1.05,4,LAT_V001,1.404669,-4.009618,-1.928160
1.05,4,LAT_V002,-26.879602,-4.009618,-30.212432
1.05,4,LAT_V003,1.404669,24.274653,-30.212432
1.05,4,LAT_V004,-26.879602,-32.293889,-1.928160
1.05,4,LAT_V005,-26.879602,24.274653,-1.928160
1.05,4,LAT_V006,29.688941,24.274653,-1.928160
1.05,4,LAT_V007,-26.879602,-4.009618,26.356111
1.05,4,LAT_V008,29.688941,-4.009618,26.356111
1.05,5,LAT_V001,1.404669,0.990382,3.071840
1.05,5,LAT_V002,-26.879602,0.990382,-25.212432
1.05,5,LAT_V003,29.688941,0.990382,-25.212432
1.05,5,LAT_V004,1.404669,29.274653,-25.212432
1.05,5,LAT_V005,-26.879602,-27.293889,3.071840
1.05,5,LAT_V006,57.973212,0.990382,3.071840
1.05,6,LAT_V001,1.404669,0.990382,-6.928160
1.05,6,LAT_V002,-26.879602,-27.293889,-6.928160
1.05,6,LAT_V003,-26.879602,0.990382,21.356111
1.05,6,LAT_V004,29.688941,0.990382,21.356111
1.05,7,LAT_V001,6.404669,5.990382,3.071840
1.05,7,LAT_V002,-50.163873,-22.293889,-25.212432
1.05,7,LAT_V003,6.404669,-22.293889,-25.212432
1.05,7,LAT_V004,-21.879602,5.990382,-25.212432
1.05,7,LAT_V005,6.404669,34.274653,-25.212432
1.05,7,LAT_V006,-21.879602,-22.293889,3.071840
1.05,7,LAT_V007,62.973212,5.990382,3.071840
1.05,7,LAT_V008,-21.879602,5.990382,31.356111
1.05,8,LAT_V001,-3.595331,-4.009618,-6.928160
1.05,8,LAT_V002,-31.879602,-32.293889,-6.928160
1.05,8,LAT_V003,24.688941,24.274653,-6.928160
1.05,8,LAT_V004,-31.879602,-4.009618,21.356111
1.05,8,LAT_V005,24.688941,-4.009618,21.356111
1.05,8,LAT_V006,-3.595331,24.274653,21.356111
1.15,0,LAT_V001,1.538447,1.084704,-2.111795
1.15,0,LAT_V002,-26.745824,1.084704,-30.396066
1.15,0,LAT_V003,29.822719,1.084704,-30.396066
1.15,0,LAT_V004,1.538447,29.368976,-30.396066
1.15,0,LAT_V005,-26.745824,-27.199567,-2.111795
1.15,0,LAT_V006,29.822719,-27.199567,-2.111795
1.15,0,LAT_V007,58.106990,1.084704,-2.111795
1.15,0,LAT_V008,-26.745824,29.368976,-2.111795
1.15,0,LAT_V009,29.822719,29.368976,-2.111795
1.15,0,LAT_V010,1.538447,-27.199567,26.172477
1.15,0,LAT_V011,-26.745824,1.084704,26.172477
1.15,0,LAT_V012,29.822719,1.084704,26.172477
1.15,1,LAT_V001,6.538447,1.084704,-2.111795
1.15,1,LAT_V002,-50.030095,-27.199567,-30.396066
1.15,1,LAT_V003,-21.745824,1.084704,-30.396066
1.15,1,LAT_V004,34.822719,1.084704,-30.396066
1.15,1,LAT_V005,6.538447,29.368976,-30.396066
1.15,1,LAT_V006,-21.745824,-27.199567,-2.111795
1.15,1,LAT_V007,-50.030095,1.084704,-2.111795
1.15,1,LAT_V008,63.106990,1.084704,-2.111795
1.15,1,LAT_V009,-21.745824,29.368976,-2.111795
1.15,1,LAT_V010,6.538447,-27.199567,26.172477
1.15,1,LAT_V011,-21.745824,1.084704,26.172477
1.15,1,LAT_V012,34.822719,1.084704,26.172477
1.15,2,LAT_V001,-3.461553,1.084704,-2.111795
1.15,2,LAT_V002,-31.745824,1.084704,-30.396066
1.15,2,LAT_V003,24.822719,1.084704,-30.396066
1.15,2,LAT_V004,-3.461553,29.368976,-30.396066
1.15,2,LAT_V005,-31.745824,-27.199567,-2.111795
1.15,2,LAT_V006,24.822719,-27.199567,-2.111795
1.15,2,LAT_V007,53.106990,1.084704,-2.111795
1.15,2,LAT_V008,24.822719,29.368976,-2.111795
1.15,2,LAT_V009,-3.461553,-27.199567,26.172477
1.15,2,LAT_V010,-31.745824,1.084704,26.172477
1.15,2,LAT_V011,24.822719,1.084704,26.172477
1.15,3,LAT_V001,1.538447,6.084704,-2.111795
1.15,3,LAT_V002,-55.030095,-22.199567,-30.396066
1.15,3,LAT_V003,1.538447,-22.199567,-30.396066
1.15,3,LAT_V004,-26.745824,6.084704,-30.396066
1.15,3,LAT_V005,29.822719,6.084704,-30.396066
1.15,3,LAT_V006,1.538447,34.368976,-30.396066
1.15,3,LAT_V007,-26.745824,-22.199567,-2.111795
1.15,3,LAT_V008,29.822719,-22.199567,-2.111795
1.15,3,LAT_V009,58.106990,6.084704,-2.111795
1.15,3,LAT_V010,1.538447,-22.199567,26.172477
1.15,3,LAT_V011,-26.745824,6.084704,26.172477
1.15,3,LAT_V012,29.822719,6.084704,26.172477
1.15,4,LAT_V001,1.538447,-3.915296,-2.111795
1.15,4,LAT_V002,-26.745824,-3.915296,-30.396066
1.15,4,LAT_V003,29.822719,-3.915296,-30.396066
1.15,4,LAT_V004,1.538447,24.368976,-30.396066
1.15,4,LAT_V005,-26.745824,-32.199567,-2.111795
1.15,4,LAT_V006,58.106990,-3.915296,-2.111795
1.15,4,LAT_V007,-26.745824,24.368976,-2.111795
1.15,4,LAT_V008,29.822719,24.368976,-2.111795
1.15,4,LAT_V009,-26.745824,-3.915296,26.172477
1.15,4,LAT_V010,29.822719,-3.915296,26.172477
1.15,4,LAT_V011,1.538447,24.368976,26.172477
1.15,5,LAT_V001,1.538447,1.084704,2.888205
1.15,5,LAT_V002,-55.030095,-27.199567,-25.396066
1.15,5,LAT_V003,1.538447,-27.199567,-25.396066
1.15,5,LAT_V004,-26.745824,1.084704,-25.396066
1.15,5,LAT_V005,29.822719,1.084704,-25.396066
1.15,5,LAT_V006,1.538447,29.368976,-25.396066
1.15,5,LAT_V007,-26.745824,-27.199567,2.888205
1.15,5,LAT_V008,29.822719,-27.199567,2.888205
1.15,5,LAT_V009,58.106990,1.084704,2.888205
1.15,5,LAT_V010,-26.745824,29.368976,2.888205
1.15,5,LAT_V011,29.822719,29.368976,2.888205
1.15,5,LAT_V012,-26.745824,1.084704,31.172477
1.15,5,LAT_V013,29.822719,1.084704,31.172477
1.15,6,LAT_V001,1.538447,1.084704,-7.111795
1.15,6,LAT_V002,-26.745824,1.084704,-35.396066
1.15,6,LAT_V003,1.538447,29.368976,-35.396066
1.15,6,LAT_V004,-26.745824,-27.199567,-7.111795
1.15,6,LAT_V005,29.822719,-27.199567,-7.111795
1.15,6,LAT_V006,58.106990,1.084704,-7.111795
1.15,6,LAT_V007,-26.745824,29.368976,-7.111795
1.15,6,LAT_V008,29.822719,29.368976,-7.111795
1.15,6,LAT_V009,1.538447,-27.199567,21.172477
1.15,6,LAT_V010,-26.745824,1.084704,21.172477
1.15,6,LAT_V011,29.822719,1.084704,21.172477
1.15,6,LAT_V012,1.538447,29.368976,21.172477
1.15,7,LAT_V001,6.538447,6.084704,2.888205
1.15,7,LAT_V002,-50.030095,-22.199567,-25.396066
1.15,7,LAT_V003,6.538447,-22.199567,-25.396066
1.15,7,LAT_V004,-21.745824,6.084704,-25.396066
1.15,7,LAT_V005,34.822719,6.084704,-25.396066
1.15,7,LAT_V006,6.538447,34.368976,-25.396066
1.15,7,LAT_V007,-21.745824,-22.199567,2.888205
1.15,7,LAT_V008,34.822719,-22.199567,2.888205
1.15,7,LAT_V009,63.106990,6.084704,2.888205
1.15,7,LAT_V010,6.538447,-22.199567,31.172477
1.15,7,LAT_V011,-21.745824,6.084704,31.172477
1.15,7,LAT_V012,34.822719,6.084704,31.172477
1.15,8,LAT_V001,-3.461553,-3.915296,-7.111795
1.15,8,LAT_V002,24.822719,-3.915296,-35.396066
1.15,8,LAT_V003,-31.745824,-32.199567,-7.111795
1.15,8,LAT_V004,53.106990,-3.915296,-7.111795
1.15,8,LAT_V005,-31.745824,24.368976,-7.111795
1.15,8,LAT_V006,24.822719,24.368976,-7.111795
1.15,8,LAT_V007,-31.745824,-3.915296,21.172477
1.15,8,LAT_V008,24.822719,-3.915296,21.172477
1.15,8,LAT_V009,-3.461553,24.368976,21.172477
1.15,8,LAT_V010,53.106990,24.368976,21.172477
1.25,0,LAT_V001,1.672225,1.179026,-2.295429
1.25,0,LAT_V002,-54.896317,-27.105245,-30.579700
1.25,0,LAT_V003,1.672225,-27.105245,-30.579700
1.25,0,LAT_V004,-26.612046,1.179026,-30.579700
1.25,0,LAT_V005,29.956497,1.179026,-30.579700
1.25,0,LAT_V006,1.672225,29.463298,-30.579700
1.25,0,LAT_V007,-26.612046,-27.105245,-2.295429
1.25,0,LAT_V008,29.956497,-27.105245,-2.295429
1.25,0,LAT_V009,-54.896317,1.179026,-2.295429
1.25,0,LAT_V010,58.240768,1.179026,-2.295429
1.25,0,LAT_V011,-26.612046,29.463298,-2.295429
1.25,0,LAT_V012,29.956497,29.463298,-2.295429
1.25,0,LAT_V013,1.672225,-27.105245,25.988842
1.25,0,LAT_V014,-26.612046,1.179026,25.988842
1.25,0,LAT_V015,29.956497,1.179026,25.988842
1.25,0,LAT_V016,1.672225,29.463298,25.988842
1.25,1,LAT_V001,6.672225,1.179026,-2.295429
1.25,1,LAT_V002,-49.896317,-27.105245,-30.579700
1.25,1,LAT_V003,6.672225,-27.105245,-30.579700
1.25,1,LAT_V004,-21.612046,1.179026,-30.579700
1.25,1,LAT_V005,34.956497,1.179026,-30.579700
1.25,1,LAT_V006,6.672225,29.463298,-30.579700
1.25,1,LAT_V007,-21.612046,-27.105245,-2.295429
1.25,1,LAT_V008,34.956497,-27.105245,-2.295429
1.25,1,LAT_V009,-49.896317,1.179026,-2.295429
1.25,1,LAT_V010,63.240768,1.179026,-2.295429
1.25,1,LAT_V011,-21.612046,29.463298,-2.295429
1.25,1,LAT_V012,34.956497,29.463298,-2.295429
1.25,1,LAT_V013,6.672225,-27.105245,25.988842
1.25,1,LAT_V014,-21.612046,1.179026,25.988842
1.25,1,LAT_V015,34.956497,1.179026,25.988842
1.25,1,LAT_V016,6.672225,29.463298,25.988842
1.25,2,LAT_V001,-3.327775,1.179026,-2.295429
1.25,2,LAT_V002,-59.896317,-27.105245,-30.579700
1.25,2,LAT_V003,-3.327775,-27.105245,-30.579700
1.25,2,LAT_V004,-31.612046,1.179026,-30.579700
1.25,2,LAT_V005,24.956497,1.179026,-30.579700
1.25,2,LAT_V006,-3.327775,29.463298,-30.579700
1.25,2,LAT_V007,-31.612046,-27.105245,-2.295429
1.25,2,LAT_V008,24.956497,-27.105245,-2.295429
1.25,2,LAT_V009,53.240768,1.179026,-2.295429
1.25,2,LAT_V010,-31.612046,29.463298,-2.295429
1.25,2,LAT_V011,24.956497,29.463298,-2.295429
1.25,2,LAT_V012,-3.327775,-27.105245,25.988842
1.25,2,LAT_V013,-31.612046,1.179026,25.988842
1.25,2,LAT_V014,24.956497,1.179026,25.988842
1.25,2,LAT_V015,-3.327775,29.463298,25.988842
1.25,2,LAT_V016,53.240768,29.463298,25.988842
1.25,3,LAT_V001,1.672225,6.179026,-2.295429
1.25,3,LAT_V002,-54.896317,-22.105245,-30.579700
1.25,3,LAT_V003,1.672225,-22.105245,-30.579700
1.25,3,LAT_V004,-26.612046,6.179026,-30.579700
1.25,3,LAT_V005,29.956497,6.179026,-30.579700
1.25,3,LAT_V006,1.672225,34.463298,-30.579700
1.25,3,LAT_V007,-26.612046,-22.105245,-2.295429
1.25,3,LAT_V008,29.956497,-22.105245,-2.295429
1.25,3,LAT_V009,-54.896317,6.179026,-2.295429
1.25,3,LAT_V010,58.240768,6.179026,-2.295429
1.25,3,LAT_V011,-26.612046,34.463298,-2.295429
1.25,3,LAT_V012,29.956497,34.463298,-2.295429
1.25,3,LAT_V013,1.672225,-22.105245,25.988842
1.25,3,LAT_V014,-26.612046,6.179026,25.988842
1.25,3,LAT_V015,29.956497,6.179026,25.988842
1.25,3,LAT_V016,1.672225,34.463298,25.988842
1.25,4,LAT_V001,1.672225,-3.820974,-2.295429
1.25,4,LAT_V002,-54.896317,-32.105245,-30.579700
1.25,4,LAT_V003,-26.612046,-3.820974,-30.579700
1.25,4,LAT_V004,29.956497,-3.820974,-30.579700
1.25,4,LAT_V005,1.672225,24.463298,-30.579700
1.25,4,LAT_V006,-26.612046,-32.105245,-2.295429
1.25,4,LAT_V007,29.956497,-32.105245,-2.295429
1.25,4,LAT_V008,-54.896317,-3.820974,-2.295429
1.25,4,LAT_V009,58.240768,-3.820974,-2.295429
1.25,4,LAT_V010,-26.612046,24.463298,-2.295429
1.25,4,LAT_V011,29.956497,24.463298,-2.295429
1.25,4,LAT_V012,1.672225,-32.105245,25.988842
1.25,4,LAT_V013,-26.612046,-3.820974,25.988842
1.25,4,LAT_V014,29.956497,-3.820974,25.988842
1.25,4,LAT_V015,1.672225,24.463298,25.988842
1.25,4,LAT_V016,58.240768,24.463298,25.988842
1.25,5,LAT_V001,1.672225,1.179026,2.704571
1.25,5,LAT_V002,-54.896317,-27.105245,-25.579700
1.25,5,LAT_V003,1.672225,-27.105245,-25.579700
1.25,5,LAT_V004,-26.612046,1.179026,-25.579700
1.25,5,LAT_V005,29.956497,1.179026,-25.579700
1.25,5,LAT_V006,1.672225,29.463298,-25.579700
1.25,5,LAT_V007,-26.612046,-27.105245,2.704571
1.25,5,LAT_V008,29.956497,-27.105245,2.704571
1.25,5,LAT_V009,-54.896317,1.179026,2.704571
1.25,5,LAT_V010,58.240768,1.179026,2.704571
1.25,5,LAT_V011,-26.612046,29.463298,2.704571
1.25,5,LAT_V012,29.956497,29.463298,2.704571
1.25,5,LAT_V013,1.672225,-27.105245,30.988842
1.25,5,LAT_V014,-26.612046,1.179026,30.988842
1.25,5,LAT_V015,29.956497,1.179026,30.988842
1.25,5,LAT_V016,1.672225,29.463298,30.988842
1.25,6,LAT_V001,1.672225,1.179026,-7.295429
1.25,6,LAT_V002,-54.896317,-27.105245,-35.579700
1.25,6,LAT_V003,1.672225,-27.105245,-35.579700
1.25,6,LAT_V004,-26.612046,1.179026,-35.579700
1.25,6,LAT_V005,29.956497,1.179026,-35.579700
1.25,6,LAT_V006,1.672225,29.463298,-35.579700
1.25,6,LAT_V007,-26.612046,-27.105245,-7.295429
1.25,6,LAT_V008,29.956497,-27.105245,-7.295429
1.25,6,LAT_V009,-54.896317,1.179026,-7.295429
1.25,6,LAT_V010,58.240768,1.179026,-7.295429
1.25,6,LAT_V011,-26.612046,29.463298,-7.295429
1.25,6,LAT_V012,29.956497,29.463298,-7.295429
1.25,6,LAT_V013,1.672225,-27.105245,20.988842
1.25,6,LAT_V014,-26.612046,1.179026,20.988842
1.25,6,LAT_V015,29.956497,1.179026,20.988842
1.25,6,LAT_V016,1.672225,29.463298,20.988842
1.25,6,LAT_V017,58.240768,29.463298,20.988842
1.25,7,LAT_V001,6.672225,6.179026,2.704571
1.25,7,LAT_V002,-49.896317,-22.105245,-25.579700
1.25,7,LAT_V003,6.672225,-22.105245,-25.579700
1.25,7,LAT_V004,-21.612046,6.179026,-25.579700
1.25,7,LAT_V005,34.956497,6.179026,-25.579700
1.25,7,LAT_V006,6.672225,34.463298,-25.579700
1.25,7,LAT_V007,-21.612046,-22.105245,2.704571
1.25,7,LAT_V008,34.956497,-22.105245,2.704571
1.25,7,LAT_V009,-49.896317,6.179026,2.704571
1.25,7,LAT_V010,63.240768,6.179026,2.704571
1.25,7,LAT_V011,-21.612046,34.463298,2.704571
1.25,7,LAT_V012,6.672225,-22.105245,30.988842
1.25,7,LAT_V013,-21.612046,6.179026,30.988842
1.25,7,LAT_V014,34.956497,6.179026,30.988842
1.25,8,LAT_V001,-3.327775,-3.820974,-7.295429
1.25,8,LAT_V002,-31.612046,-3.820974,-35.579700
1.25,8,LAT_V003,24.956497,-3.820974,-35.579700
1.25,8,LAT_V004,-3.327775,24.463298,-35.579700
1.25,8,LAT_V005,-31.612046,-32.105245,-7.295429
1.25,8,LAT_V006,24.956497,-32.105245,-7.295429
1.25,8,LAT_V007,-59.896317,-3.820974,-7.295429
1.25,8,LAT_V008,53.240768,-3.820974,-7.295429
1.25,8,LAT_V009,-31.612046,24.463298,-7.295429
1.25,8,LAT_V010,24.956497,24.463298,-7.295429
1.25,8,LAT_V011,-3.327775,-32.105245,20.988842
1.25,8,LAT_V012,-31.612046,-3.820974,20.988842
1.25,8,LAT_V013,24.956497,-3.820974,20.988842
1.25,8,LAT_V014,-3.327775,24.463298,20.988842
1.25,8,LAT_V015,53.240768,24.463298,20.988842
1.35,0,LAT_V001,1.806004,1.273349,-2.479063
1.35,0,LAT_V002,-54.762539,-27.010923,-30.763335
1.35,0,LAT_V003,1.806004,-27.010923,-30.763335
1.35,0,LAT_V004,-26.478268,1.273349,-30.763335
1.35,0,LAT_V005,30.090275,1.273349,-30.763335
1.35,0,LAT_V006,1.806004,29.557620,-30.763335
1.35,0,LAT_V007,-26.478268,-27.010923,-2.479063
1.35,0,LAT_V008,30.090275,-27.010923,-2.479063
1.35,0,LAT_V009,-54.762539,1.273349,-2.479063
1.35,0,LAT_V010,58.374546,1.273349,-2.479063
1.35,0,LAT_V011,-26.478268,29.557620,-2.479063
1.35,0,LAT_V012,30.090275,29.557620,-2.479063
1.35,0,LAT_V013,1.806004,-27.010923,25.805208
1.35,0,LAT_V014,-26.478268,1.273349,25.805208
1.35,0,LAT_V015,30.090275,1.273349,25.805208
1.35,0,LAT_V016,1.806004,29.557620,25.805208
1.35,0,LAT_V017,58.374546,29.557620,25.805208
1.35,1,LAT_V001,6.806004,1.273349,-2.479063
1.35,1,LAT_V002,-49.762539,-27.010923,-30.763335
1.35,1,LAT_V003,6.806004,-27.010923,-30.763335
1.35,1,LAT_V004,-21.478268,1.273349,-30.763335
1.35,1,LAT_V005,35.090275,1.273349,-30.763335
1.35,1,LAT_V006,6.806004,29.557620,-30.763335
1.35,1,LAT_V007,-21.478268,-27.010923,-2.479063
1.35,1,LAT_V008,35.090275,-27.010923,-2.479063
1.35,1,LAT_V009,-49.762539,1.273349,-2.479063
1.35,1,LAT_V010,63.374546,1.273349,-2.479063
1.35,1,LAT_V011,-21.478268,29.557620,-2.479063
1.35,1,LAT_V012,35.090275,29.557620,-2.479063
1.35,1,LAT_V013,6.806004,-27.010923,25.805208
1.35,1,LAT_V014,-21.478268,1.273349,25.805208
1.35,1,LAT_V015,35.090275,1.273349,25.805208
1.35,1,LAT_V016,6.806004,29.557620,25.805208
1.35,1,LAT_V017,63.374546,29.557620,25.805208
1.35,2,LAT_V001,-3.193996,1.273349,-2.479063
1.35,2,LAT_V002,-59.762539,-27.010923,-30.763335
1.35,2,LAT_V003,-3.193996,-27.010923,-30.763335
1.35,2,LAT_V004,-31.478268,1.273349,-30.763335
1.35,2,LAT_V005,25.090275,1.273349,-30.763335
1.35,2,LAT_V006,-3.193996,29.557620,-30.763335
1.35,2,LAT_V007,-31.478268,-27.010923,-2.479063
1.35,2,LAT_V008,25.090275,-27.010923,-2.479063
1.35,2,LAT_V009,-59.762539,1.273349,-2.479063
1.35,2,LAT_V010,53.374546,1.273349,-2.479063
1.35,2,LAT_V011,-31.478268,29.557620,-2.479063
1.35,2,LAT_V012,25.090275,29.557620,-2.479063
1.35,2,LAT_V013,-3.193996,-27.010923,25.805208
1.35,2,LAT_V014,-31.478268,1.273349,25.805208
1.35,2,LAT_V015,25.090275,1.273349,25.805208
1.35,2,LAT_V016,-3.193996,29.557620,25.805208
1.35,2,LAT_V017,53.374546,29.557620,25.805208
1.35,3,LAT_V001,1.806004,6.273349,-2.479063
1.35,3,LAT_V002,-54.762539,-22.010923,-30.763335
1.35,3,LAT_V003,1.806004,-22.010923,-30.763335
1.35,3,LAT_V004,-26.478268,6.273349,-30.763335
1.35,3,LAT_V005,30.090275,6.273349,-30.763335
1.35,3,LAT_V006,1.806004,34.557620,-30.763335
1.35,3,LAT_V007,-26.478268,-22.010923,-2.479063
1.35,3,LAT_V008,30.090275,-22.010923,-2.479063
1.35,3,LAT_V009,-54.762539,6.273349,-2.479063
1.35,3,LAT_V010,58.374546,6.273349,-2.479063
1.35,3,LAT_V011,-26.478268,34.557620,-2.479063
1.35,3,LAT_V012,30.090275,34.557620,-2.479063
1.35,3,LAT_V013,1.806004,-22.010923,25.805208
1.35,3,LAT_V014,-26.478268,6.273349,25.805208
1.35,3,LAT_V015,30.090275,6.273349,25.805208
1.35,3,LAT_V016,1.806004,34.557620,25.805208
1.35,3,LAT_V017,58.374546,34.557620,25.805208
1.35,4,LAT_V001,1.806004,-3.726651,-2.479063
1.35,4,LAT_V002,-54.762539,-32.010923,-30.763335
1.35,4,LAT_V003,1.806004,-32.010923,-30.763335
1.35,4,LAT_V004,-26.478268,-3.726651,-30.763335
1.35,4,LAT_V005,30.090275,-3.726651,-30.763335
1.35,4,LAT_V006,1.806004,24.557620,-30.763335
1.35,4,LAT_V007,30.090275,52.841891,-30.763335
1.35,4,LAT_V008,-26.478268,-32.010923,-2.479063
1.35,4,LAT_V009,30.090275,-32.010923,-2.479063
1.35,4,LAT_V010,-54.762539,-3.726651,-2.479063
1.35,4,LAT_V011,58.374546,-3.726651,-2.479063
1.35,4,LAT_V012,-26.478268,24.557620,-2.479063
1.35,4,LAT_V013,30.090275,24.557620,-2.479063
1.35,4,LAT_V014,1.806004,-32.010923,25.805208
1.35,4,LAT_V015,-26.478268,-3.726651,25.805208
1.35,4,LAT_V016,30.090275,-3.726651,25.805208
1.35,4,LAT_V017,1.806004,24.557620,25.805208
1.35,4,LAT_V018,58.374546,24.557620,25.805208
1.35,5,LAT_V001,1.806004,1.273349,2.520937
1.35,5,LAT_V002,-54.762539,-27.010923,-25.763335
1.35,5,LAT_V003,1.806004,-27.010923,-25.763335
1.35,5,LAT_V004,-26.478268,1.273349,-25.763335
1.35,5,LAT_V005,30.090275,1.273349,-25.763335
1.35,5,LAT_V006,1.806004,29.557620,-25.763335
1.35,5,LAT_V007,-26.478268,-27.010923,2.520937
1.35,5,LAT_V008,30.090275,-27.010923,2.520937
1.35,5,LAT_V009,-54.762539,1.273349,2.520937
1.35,5,LAT_V010,58.374546,1.273349,2.520937
1.35,5,LAT_V011,-26.478268,29.557620,2.520937
1.35,5,LAT_V012,30.090275,29.557620,2.520937
1.35,5,LAT_V013,1.806004,-27.010923,30.805208
1.35,5,LAT_V014,-26.478268,1.273349,30.805208
1.35,5,LAT_V015,30.090275,1.273349,30.805208
1.35,5,LAT_V016,1.806004,29.557620,30.805208
1.35,5,LAT_V017,58.374546,29.557620,30.805208
1.35,6,LAT_V001,1.806004,1.273349,-7.479063
1.35,6,LAT_V002,-54.762539,-27.010923,-35.763335
1.35,6,LAT_V003,1.806004,-27.010923,-35.763335
1.35,6,LAT_V004,-26.478268,1.273349,-35.763335
1.35,6,LAT_V005,30.090275,1.273349,-35.763335
1.35,6,LAT_V006,1.806004,29.557620,-35.763335
1.35,6,LAT_V007,-26.478268,-27.010923,-7.479063
1.35,6,LAT_V008,30.090275,-27.010923,-7.479063
1.35,6,LAT_V009,-54.762539,1.273349,-7.479063
1.35,6,LAT_V010,58.374546,1.273349,-7.479063
1.35,6,LAT_V011,-26.478268,29.557620,-7.479063
1.35,6,LAT_V012,30.090275,29.557620,-7.479063
1.35,6,LAT_V013,1.806004,-27.010923,20.805208
1.35,6,LAT_V014,-26.478268,1.273349,20.805208
1.35,6,LAT_V015,30.090275,1.273349,20.805208
1.35,6,LAT_V016,1.806004,29.557620,20.805208
1.35,6,LAT_V017,58.374546,29.557620,20.805208
1.35,6,LAT_V018,1.806004,1.273349,49.089479
1.35,7,LAT_V001,6.806004,6.273349,2.520937
1.35,7,LAT_V002,-49.762539,-22.010923,-25.763335
1.35,7,LAT_V003,6.806004,-22.010923,-25.763335
1.35,7,LAT_V004,-21.478268,6.273349,-25.763335
1.35,7,LAT_V005,35.090275,6.273349,-25.763335
1.35,7,LAT_V006,6.806004,34.557620,-25.763335
1.35,7,LAT_V007,-21.478268,-22.010923,2.520937
1.35,7,LAT_V008,35.090275,-22.010923,2.520937
1.35,7,LAT_V009,-49.762539,6.273349,2.520937
1.35,7,LAT_V010,63.374546,6.273349,2.520937
1.35,7,LAT_V011,-21.478268,34.557620,2.520937
1.35,7,LAT_V012,35.090275,34.557620,2.520937
1.35,7,LAT_V013,6.806004,-22.010923,30.805208
1.35,7,LAT_V014,-21.478268,6.273349,30.805208
1.35,7,LAT_V015,35.090275,6.273349,30.805208
1.35,7,LAT_V016,6.806004,34.557620,30.805208
1.35,8,LAT_V001,-3.193996,-3.726651,-7.479063
1.35,8,LAT_V002,-59.762539,-32.010923,-35.763335
1.35,8,LAT_V003,-3.193996,-32.010923,-35.763335
1.35,8,LAT_V004,-31.478268,-3.726651,-35.763335
1.35,8,LAT_V005,25.090275,-3.726651,-35.763335
1.35,8,LAT_V006,-3.193996,24.557620,-35.763335
1.35,8,LAT_V007,25.090275,52.841891,-35.763335
1.35,8,LAT_V008,-31.478268,-32.010923,-7.479063
1.35,8,LAT_V009,25.090275,-32.010923,-7.479063
1.35,8,LAT_V010,-59.762539,-3.726651,-7.479063
1.35,8,LAT_V011,53.374546,-3.726651,-7.479063
1.35,8,LAT_V012,-31.478268,24.557620,-7.479063
1.35,8,LAT_V013,25.090275,24.557620,-7.479063
1.35,8,LAT_V014,-3.193996,52.841891,-7.479063
1.35,8,LAT_V015,-3.193996,-32.010923,20.805208
1.35,8,LAT_V016,-31.478268,-3.726651,20.805208
1.35,8,LAT_V017,25.090275,-3.726651,20.805208
1.35,8,LAT_V018,-3.193996,24.557620,20.805208
1.35,8,LAT_V019,53.374546,24.557620,20.805208
1.35,8,LAT_V020,-3.193996,-3.726651,49.089479
1.45,0,LAT_V001,1.939782,1.367671,-2.662698
1.45,0,LAT_V002,-54.628761,-26.916601,-30.946969
1.45,0,LAT_V003,1.939782,-26.916601,-30.946969
1.45,0,LAT_V004,-26.344490,1.367671,-30.946969
1.45,0,LAT_V005,30.224053,1.367671,-30.946969
1.45,0,LAT_V006,1.939782,29.651942,-30.946969
1.45,0,LAT_V007,30.224053,57.936213,-30.946969
1.45,0,LAT_V008,-54.628761,-55.200872,-2.662698
1.45,0,LAT_V009,-26.344490,-26.916601,-2.662698
1.45,0,LAT_V010,30.224053,-26.916601,-2.662698
1.45,0,LAT_V011,-54.628761,1.367671,-2.662698
1.45,0,LAT_V012,58.508324,1.367671,-2.662698
1.45,0,LAT_V013,-26.344490,29.651942,-2.662698
1.45,0,LAT_V014,30.224053,29.651942,-2.662698
1.45,0,LAT_V015,86.792595,29.651942,-2.662698
1.45,0,LAT_V016,1.939782,-26.916601,25.621574
1.45,0,LAT_V017,-26.344490,1.367671,25.621574
1.45,0,LAT_V018,30.224053,1.367671,25.621574
1.45,0,LAT_V019,86.792595,1.367671,25.621574
1.45,0,LAT_V020,1.939782,29.651942,25.621574
1.45,0,LAT_V021,58.508324,29.651942,25.621574
1.45,0,LAT_V022,1.939782,1.367671,53.905845
1.45,1,LAT_V001,6.939782,1.367671,-2.662698
1.45,1,LAT_V002,-49.628761,-26.916601,-30.946969
1.45,1,LAT_V003,6.939782,-26.916601,-30.946969
1.45,1,LAT_V004,-21.344490,1.367671,-30.946969
1.45,1,LAT_V005,35.224053,1.367671,-30.946969
1.45,1,LAT_V006,6.939782,29.651942,-30.946969
1.45,1,LAT_V007,-49.628761,-55.200872,-2.662698
1.45,1,LAT_V008,-77.913032,-26.916601,-2.662698
1.45,1,LAT_V009,-21.344490,-26.916601,-2.662698
1.45,1,LAT_V010,35.224053,-26.916601,-2.662698
1.45,1,LAT_V011,-49.628761,1.367671,-2.662698
1.45,1,LAT_V012,63.508324,1.367671,-2.662698
1.45,1,LAT_V013,-21.344490,29.651942,-2.662698
1.45,1,LAT_V014,35.224053,29.651942,-2.662698
1.45,1,LAT_V015,6.939782,-26.916601,25.621574
1.45,1,LAT_V016,-21.344490,1.367671,25.621574
1.45,1,LAT_V017,35.224053,1.367671,25.621574
1.45,1,LAT_V018,6.939782,29.651942,25.621574
1.45,1,LAT_V019,63.508324,29.651942,25.621574
1.45,1,LAT_V020,6.939782,1.367671,53.905845
1.45,2,LAT_V001,-3.060218,1.367671,-2.662698
1.45,2,LAT_V002,-59.628761,-26.916601,-30.946969
1.45,2,LAT_V003,-3.060218,-26.916601,-30.946969
1.45,2,LAT_V004,-31.344490,1.367671,-30.946969
1.45,2,LAT_V005,25.224053,1.367671,-30.946969
1.45,2,LAT_V006,-3.060218,29.651942,-30.946969
1.45,2,LAT_V007,25.224053,57.936213,-30.946969
1.45,2,LAT_V008,-31.344490,-26.916601,-2.662698
1.45,2,LAT_V009,25.224053,-26.916601,-2.662698
1.45,2,LAT_V010,-59.628761,1.367671,-2.662698
1.45,2,LAT_V011,53.508324,1.367671,-2.662698
1.45,2,LAT_V012,-31.344490,29.651942,-2.662698
1.45,2,LAT_V013,25.224053,29.651942,-2.662698
1.45,2,LAT_V014,81.792595,29.651942,-2.662698
1.45,2,LAT_V015,-3.060218,-26.916601,25.621574
1.45,2,LAT_V016,-31.344490,1.367671,25.621574
1.45,2,LAT_V017,25.224053,1.367671,25.621574
1.45,2,LAT_V018,81.792595,1.367671,25.621574
1.45,2,LAT_V019,-3.060218,29.651942,25.621574
1.45,2,LAT_V020,53.508324,29.651942,25.621574
1.45,2,LAT_V021,-3.060218,1.367671,53.905845
1.45,3,LAT_V001,1.939782,6.367671,-2.662698
1.45,3,LAT_V002,-54.628761,-21.916601,-30.946969
1.45,3,LAT_V003,1.939782,-21.916601,-30.946969
1.45,3,LAT_V004,-26.344490,6.367671,-30.946969
1.45,3,LAT_V005,30.224053,6.367671,-30.946969
1.45,3,LAT_V006,1.939782,34.651942,-30.946969
1.45,3,LAT_V007,-54.628761,-50.200872,-2.662698
1.45,3,LAT_V008,-26.344490,-21.916601,-2.662698
1.45,3,LAT_V009,30.224053,-21.916601,-2.662698
1.45,3,LAT_V010,-54.628761,6.367671,-2.662698
1.45,3,LAT_V011,58.508324,6.367671,-2.662698
1.45,3,LAT_V012,-26.344490,34.651942,-2.662698
1.45,3,LAT_V013,30.224053,34.651942,-2.662698
1.45,3,LAT_V014,1.939782,-21.916601,25.621574
1.45,3,LAT_V015,-26.344490,6.367671,25.621574
1.45,3,LAT_V016,30.224053,6.367671,25.621574
1.45,3,LAT_V017,86.792595,6.367671,25.621574
1.45,3,LAT_V018,1.939782,34.651942,25.621574
1.45,3,LAT_V019,58.508324,34.651942,25.621574
1.45,3,LAT_V020,1.939782,6.367671,53.905845
1.45,4,LAT_V001,1.939782,-3.632329,-2.662698
1.45,4,LAT_V002,-54.628761,-31.916601,-30.946969
1.45,4,LAT_V003,1.939782,-31.916601,-30.946969
1.45,4,LAT_V004,-26.344490,-3.632329,-30.946969
1.45,4,LAT_V005,30.224053,-3.632329,-30.946969
1.45,4,LAT_V006,1.939782,24.651942,-30.946969
1.45,4,LAT_V007,30.224053,52.936213,-30.946969
1.45,4,LAT_V008,-26.344490,-31.916601,-2.662698
1.45,4,LAT_V009,30.224053,-31.916601,-2.662698
1.45,4,LAT_V010,-54.628761,-3.632329,-2.662698
1.45,4,LAT_V011,58.508324,-3.632329,-2.662698
1.45,4,LAT_V012,-26.344490,24.651942,-2.662698
1.45,4,LAT_V013,30.224053,24.651942,-2.662698
1.45,4,LAT_V014,86.792595,24.651942,-2.662698
1.45,4,LAT_V015,1.939782,52.936213,-2.662698
1.45,4,LAT_V016,1.939782,-31.916601,25.621574
1.45,4,LAT_V017,-26.344490,-3.632329,25.621574
1.45,4,LAT_V018,30.224053,-3.632329,25.621574
1.45,4,LAT_V019,1.939782,24.651942,25.621574
1.45,4,LAT_V020,58.508324,24.651942,25.621574
1.45,4,LAT_V021,1.939782,-3.632329,53.905845
1.45,5,LAT_V001,1.939782,1.367671,2.337302
1.45,5,LAT_V002,1.939782,1.367671,-54.231240
1.45,5,LAT_V003,-54.628761,-26.916601,-25.946969
1.45,5,LAT_V004,1.939782,-26.916601,-25.946969
1.45,5,LAT_V005,-26.344490,1.367671,-25.946969
1.45,5,LAT_V006,30.224053,1.367671,-25.946969
1.45,5,LAT_V007,1.939782,29.651942,-25.946969
1.45,5,LAT_V008,30.224053,57.936213,-25.946969
1.45,5,LAT_V009,-26.344490,-26.916601,2.337302
1.45,5,LAT_V010,30.224053,-26.916601,2.337302
1.45,5,LAT_V011,-54.628761,1.367671,2.337302
1.45,5,LAT_V012,58.508324,1.367671,2.337302
1.45,5,LAT_V013,-26.344490,29.651942,2.337302
1.45,5,LAT_V014,30.224053,29.651942,2.337302
1.45,5,LAT_V015,86.792595,29.651942,2.337302
1.45,5,LAT_V016,1.939782,-26.916601,30.621574
1.45,5,LAT_V017,-26.344490,1.367671,30.621574
1.45,5,LAT_V018,30.224053,1.367671,30.621574
1.45,5,LAT_V019,1.939782,29.651942,30.621574
1.45,5,LAT_V020,58.508324,29.651942,30.621574
1.45,6,LAT_V001,1.939782,1.367671,-7.662698
1.45,6,LAT_V002,-54.628761,-26.916601,-35.946969
1.45,6,LAT_V003,1.939782,-26.916601,-35.946969
1.45,6,LAT_V004,-26.344490,1.367671,-35.946969
1.45,6,LAT_V005,30.224053,1.367671,-35.946969
1.45,6,LAT_V006,1.939782,29.651942,-35.946969
1.45,6,LAT_V007,30.224053,57.936213,-35.946969
1.45,6,LAT_V008,-54.628761,-55.200872,-7.662698
1.45,6,LAT_V009,-26.344490,-26.916601,-7.662698
1.45,6,LAT_V010,30.224053,-26.916601,-7.662698
1.45,6,LAT_V011,-54.628761,1.367671,-7.662698
1.45,6,LAT_V012,58.508324,1.367671,-7.662698
1.45,6,LAT_V013,-26.344490,29.651942,-7.662698
1.45,6,LAT_V014,30.224053,29.651942,-7.662698
1.45,6,LAT_V015,1.939782,57.936213,-7.662698
1.45,6,LAT_V016,1.939782,-26.916601,20.621574
1.45,6,LAT_V017,-26.344490,1.367671,20.621574
1.45,6,LAT_V018,30.224053,1.367671,20.621574
1.45,6,LAT_V019,86.792595,1.367671,20.621574
1.45,6,LAT_V020,1.939782,29.651942,20.621574
1.45,6,LAT_V021,58.508324,29.651942,20.621574
1.45,6,LAT_V022,1.939782,1.367671,48.905845
1.45,7,LAT_V001,6.939782,6.367671,2.337302
1.45,7,LAT_V002,6.939782,6.367671,-54.231240
1.45,7,LAT_V003,-49.628761,-21.916601,-25.946969
1.45,7,LAT_V004,6.939782,-21.916601,-25.946969
1.45,7,LAT_V005,-21.344490,6.367671,-25.946969
1.45,7,LAT_V006,35.224053,6.367671,-25.946969
1.45,7,LAT_V007,6.939782,34.651942,-25.946969
1.45,7,LAT_V008,-49.628761,-50.200872,2.337302
1.45,7,LAT_V009,-21.344490,-21.916601,2.337302
1.45,7,LAT_V010,35.224053,-21.916601,2.337302
1.45,7,LAT_V011,-49.628761,6.367671,2.337302
1.45,7,LAT_V012,63.508324,6.367671,2.337302
1.45,7,LAT_V013,-21.344490,34.651942,2.337302
1.45,7,LAT_V014,35.224053,34.651942,2.337302
1.45,7,LAT_V015,6.939782,-21.916601,30.621574
1.45,7,LAT_V016,-21.344490,6.367671,30.621574
1.45,7,LAT_V017,35.224053,6.367671,30.621574
1.45,7,LAT_V018,6.939782,34.651942,30.621574
1.45,7,LAT_V019,63.508324,34.651942,30.621574
1.45,8,LAT_V001,-3.060218,-3.632329,-7.662698
1.45,8,LAT_V002,-59.628761,-31.916601,-35.946969
1.45,8,LAT_V003,-3.060218,-31.916601,-35.946969
1.45,8,LAT_V004,-31.344490,-3.632329,-35.946969
1.45,8,LAT_V005,25.224053,-3.632329,-35.946969
1.45,8,LAT_V006,-3.060218,24.651942,-35.946969
1.45,8,LAT_V007,25.224053,52.936213,-35.946969
1.45,8,LAT_V008,-31.344490,-31.916601,-7.662698
1.45,8,LAT_V009,25.224053,-31.916601,-7.662698
1.45,8,LAT_V010,-59.628761,-3.632329,-7.662698
1.45,8,LAT_V011,53.508324,-3.632329,-7.662698
1.45,8,LAT_V012,-31.344490,24.651942,-7.662698
1.45,8,LAT_V013,25.224053,24.651942,-7.662698
1.45,8,LAT_V014,81.792595,24.651942,-7.662698
1.45,8,LAT_V015,-3.060218,52.936213,-7.662698
1.45,8,LAT_V016,-3.060218,-31.916601,20.621574
1.45,8,LAT_V017,-31.344490,-3.632329,20.621574
1.45,8,LAT_V018,25.224053,-3.632329,20.621574
1.45,8,LAT_V019,81.792595,-3.632329,20.621574
1.45,8,LAT_V020,-3.060218,24.651942,20.621574
1.45,8,LAT_V021,53.508324,24.651942,20.621574
1.45,8,LAT_V022,-3.060218,-3.632329,48.905845
1.60,0,LAT_V001,2.140449,1.509154,-2.938149
1.60,0,LAT_V002,2.140449,1.509154,-59.506692
1.60,0,LAT_V003,-82.712365,-55.059389,-31.222420
1.60,0,LAT_V004,-26.143823,-55.059389,-31.222420
1.60,0,LAT_V005,-54.428094,-26.775117,-31.222420
1.60,0,LAT_V006,2.140449,-26.775117,-31.222420
1.60,0,LAT_V007,-26.143823,1.509154,-31.222420
1.60,0,LAT_V008,30.424720,1.509154,-31.222420
1.60,0,LAT_V009,2.140449,29.793425,-31.222420
1.60,0,LAT_V010,-26.143823,58.077696,-31.222420
1.60,0,LAT_V011,30.424720,58.077696,-31.222420
1.60,0,LAT_V012,-54.428094,-55.059389,-2.938149
1.60,0,LAT_V013,2.140449,-55.059389,-2.938149
1.60,0,LAT_V014,-82.712365,-26.775117,-2.938149
1.60,0,LAT_V015,-26.143823,-26.775117,-2.938149
1.60,0,LAT_V016,30.424720,-26.775117,-2.938149
1.60,0,LAT_V017,-54.428094,1.509154,-2.938149
1.60,0,LAT_V018,58.708991,1.509154,-2.938149
1.60,0,LAT_V019,-26.143823,29.793425,-2.938149
1.60,0,LAT_V020,30.424720,29.793425,-2.938149
1.60,0,LAT_V021,86.993262,29.793425,-2.938149
1.60,0,LAT_V022,2.140449,58.077696,-2.938149
1.60,0,LAT_V023,-54.428094,-26.775117,25.346122
1.60,0,LAT_V024,2.140449,-26.775117,25.346122
1.60,0,LAT_V025,58.708991,-26.775117,25.346122
1.60,0,LAT_V026,-26.143823,1.509154,25.346122
1.60,0,LAT_V027,30.424720,1.509154,25.346122
1.60,0,LAT_V028,86.993262,1.509154,25.346122
1.60,0,LAT_V029,-54.428094,29.793425,25.346122
1.60,0,LAT_V030,2.140449,29.793425,25.346122
1.60,0,LAT_V031,58.708991,29.793425,25.346122
1.60,0,LAT_V032,2.140449,1.509154,53.630393
1.60,1,LAT_V001,7.140449,1.509154,-2.938149
1.60,1,LAT_V002,7.140449,1.509154,-59.506692
1.60,1,LAT_V003,-77.712365,-55.059389,-31.222420
1.60,1,LAT_V004,-49.428094,-26.775117,-31.222420
1.60,1,LAT_V005,7.140449,-26.775117,-31.222420
1.60,1,LAT_V006,-77.712365,1.509154,-31.222420
1.60,1,LAT_V007,-21.143823,1.509154,-31.222420
1.60,1,LAT_V008,35.424720,1.509154,-31.222420
1.60,1,LAT_V009,-49.428094,29.793425,-31.222420
1.60,1,LAT_V010,7.140449,29.793425,-31.222420
1.60,1,LAT_V011,-21.143823,58.077696,-31.222420
1.60,1,LAT_V012,35.424720,58.077696,-31.222420
1.60,1,LAT_V013,-49.428094,-55.059389,-2.938149
1.60,1,LAT_V014,7.140449,-55.059389,-2.938149
1.60,1,LAT_V015,-77.712365,-26.775117,-2.938149
1.60,1,LAT_V016,-21.143823,-26.775117,-2.938149
1.60,1,LAT_V017,35.424720,-26.775117,-2.938149
1.60,1,LAT_V018,-49.428094,1.509154,-2.938149
1.60,1,LAT_V019,63.708991,1.509154,-2.938149
1.60,1,LAT_V020,-21.143823,29.793425,-2.938149
1.60,1,LAT_V021,35.424720,29.793425,-2.938149
1.60,1,LAT_V022,91.993262,29.793425,-2.938149
1.60,1,LAT_V023,7.140449,58.077696,-2.938149
1.60,1,LAT_V024,-49.428094,-26.775117,25.346122
1.60,1,LAT_V025,7.140449,-26.775117,25.346122
1.60,1,LAT_V026,-21.143823,1.509154,25.346122
1.60,1,LAT_V027,35.424720,1.509154,25.346122
1.60,1,LAT_V028,91.993262,1.509154,25.346122
1.60,1,LAT_V029,-49.428094,29.793425,25.346122
1.60,1,LAT_V030,7.140449,29.793425,25.346122
1.60,1,LAT_V031,63.708991,29.793425,25.346122
1.60,1,LAT_V032,7.140449,1.509154,53.630393
1.60,2,LAT_V001,-2.859551,1.509154,-2.938149
1.60,2,LAT_V002,-2.859551,1.509154,-59.506692
1.60,2,LAT_V003,-31.143823,-55.059389,-31.222420
1.60,2,LAT_V004,-59.428094,-26.775117,-31.222420
1.60,2,LAT_V005,-2.859551,-26.775117,-31.222420
1.60,2,LAT_V006,53.708991,-26.775117,-31.222420
1.60,2,LAT_V007,-31.143823,1.509154,-31.222420
1.60,2,LAT_V008,25.424720,1.509154,-31.222420
1.60,2,LAT_V009,-2.859551,29.793425,-31.222420
1.60,2,LAT_V010,25.424720,58.077696,-31.222420
1.60,2,LAT_V011,-59.428094,-55.059389,-2.938149
1.60,2,LAT_V012,-2.859551,-55.059389,-2.938149
1.60,2,LAT_V013,-87.712365,-26.775117,-2.938149
1.60,2,LAT_V014,-31.143823,-26.775117,-2.938149
1.60,2,LAT_V015,25.424720,-26.775117,-2.938149
1.60,2,LAT_V016,-59.428094,1.509154,-2.938149
1.60,2,LAT_V017,53.708991,1.509154,-2.938149
1.60,2,LAT_V018,-31.143823,29.793425,-2.938149
1.60,2,LAT_V019,25.424720,29.793425,-2.938149
1.60,2,LAT_V020,81.993262,29.793425,-2.938149
1.60,2,LAT_V021,-2.859551,58.077696,-2.938149
1.60,2,LAT_V022,-2.859551,-26.775117,25.346122
1.60,2,LAT_V023,53.708991,-26.775117,25.346122
1.60,2,LAT_V024,-31.143823,1.509154,25.346122
1.60,2,LAT_V025,25.424720,1.509154,25.346122
1.60,2,LAT_V026,81.993262,1.509154,25.346122
1.60,2,LAT_V027,-2.859551,29.793425,25.346122
1.60,2,LAT_V028,53.708991,29.793425,25.346122
1.60,2,LAT_V029,-2.859551,1.509154,53.630393
1.60,3,LAT_V001,2.140449,6.509154,-2.938149
1.60,3,LAT_V002,2.140449,6.509154,-59.506692
1.60,3,LAT_V003,-82.712365,-50.059389,-31.222420
1.60,3,LAT_V004,-26.143823,-50.059389,-31.222420
1.60,3,LAT_V005,-54.428094,-21.775117,-31.222420
1.60,3,LAT_V006,2.140449,-21.775117,-31.222420
1.60,3,LAT_V007,58.708991,-21.775117,-31.222420
1.60,3,LAT_V008,-26.143823,6.509154,-31.222420
1.60,3,LAT_V009,30.424720,6.509154,-31.222420
1.60,3,LAT_V010,2.140449,34.793425,-31.222420
1.60,3,LAT_V011,30.424720,63.077696,-31.222420
1.60,3,LAT_V012,-54.428094,-50.059389,-2.938149
1.60,3,LAT_V013,2.140449,-50.059389,-2.938149
1.60,3,LAT_V014,-82.712365,-21.775117,-2.938149
1.60,3,LAT_V015,-26.143823,-21.775117,-2.938149
1.60,3,LAT_V016,30.424720,-21.775117,-2.938149
1.60,3,LAT_V017,-54.428094,6.509154,-2.938149
1.60,3,LAT_V018,58.708991,6.509154,-2.938149
1.60,3,LAT_V019,-26.143823,34.793425,-2.938149
1.60,3,LAT_V020,30.424720,34.793425,-2.938149
1.60,3,LAT_V021,86.993262,34.793425,-2.938149
1.60,3,LAT_V022,2.140449,63.077696,-2.938149
1.60,3,LAT_V023,-54.428094,-21.775117,25.346122
1.60,3,LAT_V024,2.140449,-21.775117,25.346122
1.60,3,LAT_V025,58.708991,-21.775117,25.346122
1.60,3,LAT_V026,-26.143823,6.509154,25.346122
1.60,3,LAT_V027,30.424720,6.509154,25.346122
1.60,3,LAT_V028,86.993262,6.509154,25.346122
1.60,3,LAT_V029,2.140449,34.793425,25.346122
1.60,3,LAT_V030,58.708991,34.793425,25.346122
1.60,3,LAT_V031,-26.143823,-21.775117,53.630393
1.60,3,LAT_V032,2.140449,6.509154,53.630393
1.60,4,LAT_V001,2.140449,-3.490846,-2.938149
1.60,4,LAT_V002,2.140449,-3.490846,-59.506692
1.60,4,LAT_V003,-54.428094,-31.775117,-31.222420
1.60,4,LAT_V004,2.140449,-31.775117,-31.222420
1.60,4,LAT_V005,-82.712365,-3.490846,-31.222420
1.60,4,LAT_V006,-26.143823,-3.490846,-31.222420
1.60,4,LAT_V007,30.424720,-3.490846,-31.222420
1.60,4,LAT_V008,-54.428094,24.793425,-31.222420
1.60,4,LAT_V009,2.140449,24.793425,-31.222420
1.60,4,LAT_V010,-26.143823,53.077696,-31.222420
1.60,4,LAT_V011,30.424720,53.077696,-31.222420
1.60,4,LAT_V012,-54.428094,-60.059389,-2.938149
1.60,4,LAT_V013,-82.712365,-31.775117,-2.938149
1.60,4,LAT_V014,-26.143823,-31.775117,-2.938149
1.60,4,LAT_V015,30.424720,-31.775117,-2.938149
1.60,4,LAT_V016,-54.428094,-3.490846,-2.938149
1.60,4,LAT_V017,58.708991,-3.490846,-2.938149
1.60,4,LAT_V018,-26.143823,24.793425,-2.938149
1.60,4,LAT_V019,30.424720,24.793425,-2.938149
1.60,4,LAT_V020,86.993262,24.793425,-2.938149
1.60,4,LAT_V021,2.140449,53.077696,-2.938149
1.60,4,LAT_V022,-54.428094,-31.775117,25.346122
1.60,4,LAT_V023,2.140449,-31.775117,25.346122
1.60,4,LAT_V024,-26.143823,-3.490846,25.346122
1.60,4,LAT_V025,30.424720,-3.490846,25.346122
1.60,4,LAT_V026,86.993262,-3.490846,25.346122
1.60,4,LAT_V027,-54.428094,24.793425,25.346122
1.60,4,LAT_V028,2.140449,24.793425,25.346122
1.60,4,LAT_V029,58.708991,24.793425,25.346122
1.60,4,LAT_V030,2.140449,-3.490846,53.630393
1.60,5,LAT_V001,2.140449,1.509154,2.061851
1.60,5,LAT_V002,2.140449,1.509154,-54.506692
1.60,5,LAT_V003,2.140449,58.077696,-54.506692
1.60,5,LAT_V004,-82.712365,-55.059389,-26.222420
1.60,5,LAT_V005,-26.143823,-55.059389,-26.222420
1.60,5,LAT_V006,-54.428094,-26.775117,-26.222420
1.60,5,LAT_V007,2.140449,-26.775117,-26.222420
1.60,5,LAT_V008,58.708991,-26.775117,-26.222420
1.60,5,LAT_V009,-82.712365,1.509154,-26.222420
1.60,5,LAT_V010,-26.143823,1.509154,-26.222420
1.60,5,LAT_V011,30.424720,1.509154,-26.222420
1.60,5,LAT_V012,-54.428094,29.793425,-26.222420
1.60,5,LAT_V013,2.140449,29.793425,-26.222420
1.60,5,LAT_V014,58.708991,29.793425,-26.222420
1.60,5,LAT_V015,-26.143823,58.077696,-26.222420
1.60,5,LAT_V016,30.424720,58.077696,-26.222420
1.60,5,LAT_V017,-54.428094,-55.059389,2.061851
1.60,5,LAT_V018,2.140449,-55.059389,2.061851
1.60,5,LAT_V019,-82.712365,-26.775117,2.061851
1.60,5,LAT_V020,-26.143823,-26.775117,2.061851
1.60,5,LAT_V021,30.424720,-26.775117,2.061851
1.60,5,LAT_V022,-54.428094,1.509154,2.061851
1.60,5,LAT_V023,58.708991,1.509154,2.061851
1.60,5,LAT_V024,-26.143823,29.793425,2.061851
1.60,5,LAT_V025,30.424720,29.793425,2.061851
1.60,5,LAT_V026,86.993262,29.793425,2.061851
1.60,5,LAT_V027,-54.428094,-26.775117,30.346122
1.60,5,LAT_V028,2.140449,-26.775117,30.346122
1.60,5,LAT_V029,-26.143823,1.509154,30.346122
1.60,5,LAT_V030,30.424720,1.509154,30.346122
1.60,5,LAT_V031,86.993262,1.509154,30.346122
1.60,5,LAT_V032,2.140449,29.793425,30.346122
1.60,5,LAT_V033,58.708991,29.793425,30.346122
1.60,5,LAT_V034,2.140449,1.509154,58.630393
1.60,6,LAT_V001,2.140449,1.509154,-7.938149
1.60,6,LAT_V002,-54.428094,-26.775117,-36.222420
1.60,6,LAT_V003,2.140449,-26.775117,-36.222420
1.60,6,LAT_V004,-26.143823,1.509154,-36.222420
1.60,6,LAT_V005,30.424720,1.509154,-36.222420
1.60,6,LAT_V006,2.140449,29.793425,-36.222420
1.60,6,LAT_V007,30.424720,58.077696,-36.222420
1.60,6,LAT_V008,-54.428094,-55.059389,-7.938149
1.60,6,LAT_V009,2.140449,-55.059389,-7.938149
1.60,6,LAT_V010,-82.712365,-26.775117,-7.938149
1.60,6,LAT_V011,-26.143823,-26.775117,-7.938149
1.60,6,LAT_V012,30.424720,-26.775117,-7.938149
1.60,6,LAT_V013,-54.428094,1.509154,-7.938149
1.60,6,LAT_V014,58.708991,1.509154,-7.938149
1.60,6,LAT_V015,-26.143823,29.793425,-7.938149
1.60,6,LAT_V016,30.424720,29.793425,-7.938149
1.60,6,LAT_V017,86.993262,29.793425,-7.938149
1.60,6,LAT_V018,2.140449,58.077696,-7.938149
1.60,6,LAT_V019,-54.428094,-26.775117,20.346122
1.60,6,LAT_V020,2.140449,-26.775117,20.346122
1.60,6,LAT_V021,58.708991,-26.775117,20.346122
1.60,6,LAT_V022,-26.143823,1.509154,20.346122
1.60,6,LAT_V023,30.424720,1.509154,20.346122
1.60,6,LAT_V024,86.993262,1.509154,20.346122
1.60,6,LAT_V025,-54.428094,29.793425,20.346122
1.60,6,LAT_V026,2.140449,29.793425,20.346122
1.60,6,LAT_V027,58.708991,29.793425,20.346122
1.60,6,LAT_V028,-26.143823,-26.775117,48.630393
1.60,6,LAT_V029,30.424720,-26.775117,48.630393
1.60,6,LAT_V030,2.140449,1.509154,48.630393
1.60,6,LAT_V031,58.708991,1.509154,48.630393
1.60,6,LAT_V032,-26.143823,29.793425,48.630393
1.60,7,LAT_V001,7.140449,6.509154,2.061851
1.60,7,LAT_V002,-21.143823,-21.775117,-54.506692
1.60,7,LAT_V003,7.140449,6.509154,-54.506692
1.60,7,LAT_V004,7.140449,63.077696,-54.506692
1.60,7,LAT_V005,-77.712365,-50.059389,-26.222420
1.60,7,LAT_V006,-21.143823,-50.059389,-26.222420
1.60,7,LAT_V007,-49.428094,-21.775117,-26.222420
1.60,7,LAT_V008,7.140449,-21.775117,-26.222420
1.60,7,LAT_V009,-77.712365,6.509154,-26.222420
1.60,7,LAT_V010,-21.143823,6.509154,-26.222420
1.60,7,LAT_V011,35.424720,6.509154,-26.222420
1.60,7,LAT_V012,-49.428094,34.793425,-26.222420
1.60,7,LAT_V013,7.140449,34.793425,-26.222420
1.60,7,LAT_V014,-21.143823,63.077696,-26.222420
1.60,7,LAT_V015,35.424720,63.077696,-26.222420
1.60,7,LAT_V016,-49.428094,-50.059389,2.061851
1.60,7,LAT_V017,7.140449,-50.059389,2.061851
1.60,7,LAT_V018,-77.712365,-21.775117,2.061851
1.60,7,LAT_V019,-21.143823,-21.775117,2.061851
1.60,7,LAT_V020,35.424720,-21.775117,2.061851
1.60,7,LAT_V021,-49.428094,6.509154,2.061851
1.60,7,LAT_V022,63.708991,6.509154,2.061851
1.60,7,LAT_V023,-21.143823,34.793425,2.061851
1.60,7,LAT_V024,35.424720,34.793425,2.061851
1.60,7,LAT_V025,91.993262,34.793425,2.061851
1.60,7,LAT_V026,-49.428094,-21.775117,30.346122
1.60,7,LAT_V027,7.140449,-21.775117,30.346122
1.60,7,LAT_V028,-21.143823,6.509154,30.346122
1.60,7,LAT_V029,35.424720,6.509154,30.346122
1.60,7,LAT_V030,91.993262,6.509154,30.346122
1.60,7,LAT_V031,7.140449,34.793425,30.346122
1.60,7,LAT_V032,63.708991,34.793425,30.346122
1.60,7,LAT_V033,7.140449,6.509154,58.630393
1.60,8,LAT_V001,-2.859551,-3.490846,-7.938149
1.60,8,LAT_V002,-59.428094,-31.775117,-36.222420
1.60,8,LAT_V003,-2.859551,-31.775117,-36.222420
1.60,8,LAT_V004,-31.143823,-3.490846,-36.222420
1.60,8,LAT_V005,25.424720,-3.490846,-36.222420
1.60,8,LAT_V006,-2.859551,24.793425,-36.222420
1.60,8,LAT_V007,25.424720,53.077696,-36.222420
1.60,8,LAT_V008,-59.428094,-60.059389,-7.938149
1.60,8,LAT_V009,-87.712365,-31.775117,-7.938149
1.60,8,LAT_V010,-31.143823,-31.775117,-7.938149
1.60,8,LAT_V011,25.424720,-31.775117,-7.938149
1.60,8,LAT_V012,-59.428094,-3.490846,-7.938149
1.60,8,LAT_V013,53.708991,-3.490846,-7.938149
1.60,8,LAT_V014,-31.143823,24.793425,-7.938149
1.60,8,LAT_V015,25.424720,24.793425,-7.938149
1.60,8,LAT_V016,81.993262,24.793425,-7.938149
1.60,8,LAT_V017,-2.859551,53.077696,-7.938149
1.60,8,LAT_V018,-2.859551,-31.775117,20.346122
1.60,8,LAT_V019,53.708991,-31.775117,20.346122
1.60,8,LAT_V020,-31.143823,-3.490846,20.346122
1.60,8,LAT_V021,25.424720,-3.490846,20.346122
1.60,8,LAT_V022,81.993262,-3.490846,20.346122
1.60,8,LAT_V023,-59.428094,24.793425,20.346122
1.60,8,LAT_V024,-2.859551,24.793425,20.346122
1.60,8,LAT_V025,53.708991,24.793425,20.346122
1.60,8,LAT_V026,-2.859551,-3.490846,48.630393
1.60,8,LAT_V027,-31.143823,24.793425,48.630393
1.60,8,LAT_V028,25.424720,24.793425,48.630393
