diameter_mm,ctc_mm,scale,volume_cc,equivalent_diameter_mm,phase_id,vertex_count,min_spacing_mm,spacing_error_mm,min_extra_clearance_mm,analytic_sphere_volume_cc,status
10.0,20.0,0.75,261.403,79.330,0,17,20.000000,-0.000000,1.931763,0.523599,PASS
10.0,20.0,0.75,261.403,79.330,1,17,20.000000,-0.000000,1.249695,0.523599,PASS
10.0,20.0,0.75,261.403,79.330,2,15,20.000000,-0.000000,0.692749,0.523599,PASS
10.0,20.0,0.75,261.403,79.330,3,17,20.000000,-0.000000,1.039124,0.523599,PASS
10.0,20.0,0.75,261.403,79.330,4,18,20.000000,-0.000000,0.590515,0.523599,PASS
10.0,20.0,0.95,531.249,100.485,0,43,20.000000,-0.000000,0.477356,0.523599,PASS
10.0,20.0,0.95,531.249,100.485,1,40,20.000000,-0.000000,0.880188,0.523599,PASS
10.0,20.0,0.95,531.249,100.485,2,42,20.000000,-0.000000,0.775452,0.523599,PASS
10.0,20.0,0.95,531.249,100.485,3,45,20.000000,-0.000000,0.529724,0.523599,PASS
10.0,20.0,0.95,531.249,100.485,4,42,20.000000,-0.000000,0.733154,0.523599,PASS
10.0,20.0,1.15,942.369,121.639,0,87,20.000000,-0.000000,1.096069,0.523599,PASS
10.0,20.0,1.15,942.369,121.639,1,88,20.000000,-0.000000,0.888367,0.523599,PASS
10.0,20.0,1.15,942.369,121.639,2,88,20.000000,-0.000000,0.585571,0.523599,PASS
10.0,20.0,1.15,942.369,121.639,3,84,20.000000,-0.000000,1.005981,0.523599,PASS
10.0,20.0,1.15,942.369,121.639,4,94,20.000000,-0.000000,0.610596,0.523599,PASS
10.0,20.0,1.35,1524.505,142.794,0,161,20.000000,-0.000000,0.666931,0.523599,PASS
10.0,20.0,1.35,1524.505,142.794,1,158,20.000000,-0.000000,0.460571,0.523599,PASS
10.0,20.0,1.35,1524.505,142.794,2,163,20.000000,-0.000000,0.610107,0.523599,PASS
10.0,20.0,1.35,1524.505,142.794,3,161,20.000000,-0.000000,0.520386,0.523599,PASS
10.0,20.0,1.35,1524.505,142.794,4,162,20.000000,-0.000000,0.640015,0.523599,PASS
10.0,20.0,1.60,2537.976,169.237,0,285,20.000000,-0.000000,0.586975,0.523599,PASS
10.0,20.0,1.60,2537.976,169.237,1,292,20.000000,-0.000000,0.496948,0.523599,PASS
10.0,20.0,1.60,2537.976,169.237,2,284,20.000000,-0.000000,0.547363,0.523599,PASS
10.0,20.0,1.60,2537.976,169.237,3,292,20.000000,-0.000000,0.608582,0.523599,PASS
10.0,20.0,1.60,2537.976,169.237,4,286,20.000000,-0.000000,0.511353,0.523599,PASS
10.0,25.0,0.75,261.403,79.330,0,9,25.000000,-0.000000,0.642395,0.523599,PASS
10.0,25.0,0.75,261.403,79.330,1,9,25.000000,-0.000000,1.519775,0.523599,PASS
10.0,25.0,0.75,261.403,79.330,2,11,25.000000,-0.000000,0.508118,0.523599,PASS
10.0,25.0,0.75,261.403,79.330,3,9,25.000000,-0.000000,0.570679,0.523599,PASS
10.0,25.0,0.75,261.403,79.330,4,8,25.000000,-0.000000,1.205444,0.523599,PASS
10.0,25.0,0.95,531.249,100.485,0,20,25.000000,-0.000000,1.641541,0.523599,PASS
10.0,25.0,0.95,531.249,100.485,1,19,25.000000,-0.000000,1.562988,0.523599,PASS
10.0,25.0,0.95,531.249,100.485,2,21,25.000000,-0.000000,0.847961,0.523599,PASS
10.0,25.0,0.95,531.249,100.485,3,20,25.000000,-0.000000,1.619385,0.523599,PASS
10.0,25.0,0.95,531.249,100.485,4,22,25.000000,-0.000000,0.884216,0.523599,PASS
10.0,25.0,1.15,942.369,121.639,0,46,25.000000,-0.000000,0.690674,0.523599,PASS
10.0,25.0,1.15,942.369,121.639,1,45,25.000000,-0.000000,0.548035,0.523599,PASS
10.0,25.0,1.15,942.369,121.639,2,47,25.000000,-0.000000,0.610596,0.523599,PASS
10.0,25.0,1.15,942.369,121.639,3,46,25.000000,-0.000000,1.373840,0.523599,PASS
10.0,25.0,1.15,942.369,121.639,4,45,25.000000,-0.000000,0.688171,0.523599,PASS
10.0,25.0,1.35,1524.505,142.794,0,79,25.000000,-0.000000,0.849365,0.523599,PASS
10.0,25.0,1.35,1524.505,142.794,1,82,25.000000,-0.000000,0.526367,0.523599,PASS
10.0,25.0,1.35,1524.505,142.794,2,80,25.000000,-0.000000,0.693848,0.523599,PASS
10.0,25.0,1.35,1524.505,142.794,3,79,25.000000,-0.000000,0.888245,0.523599,PASS
10.0,25.0,1.35,1524.505,142.794,4,85,25.000000,-0.000000,0.601135,0.523599,PASS
10.0,25.0,1.60,2537.976,169.237,0,149,25.000000,-0.000000,0.713013,0.523599,PASS
10.0,25.0,1.60,2537.976,169.237,1,151,25.000000,-0.000000,0.781433,0.523599,PASS
10.0,25.0,1.60,2537.976,169.237,2,150,25.000000,-0.000000,0.536560,0.523599,PASS
10.0,25.0,1.60,2537.976,169.237,3,151,25.000000,-0.000000,0.680603,0.523599,PASS
10.0,25.0,1.60,2537.976,169.237,4,150,25.000000,-0.000000,0.749023,0.523599,PASS
10.0,30.0,0.75,261.403,79.330,0,3,30.000000,-0.000000,0.781250,0.523599,PASS
10.0,30.0,0.75,261.403,79.330,1,4,30.000000,-0.000000,0.711060,0.523599,PASS
10.0,30.0,0.75,261.403,79.330,2,3,30.000000,-0.000000,1.417542,0.523599,PASS
10.0,30.0,0.75,261.403,79.330,3,3,30.000000,-0.000000,1.832581,0.523599,PASS
10.0,30.0,0.75,261.403,79.330,4,5,30.000000,-0.000000,0.933838,0.523599,PASS
10.0,30.0,0.95,531.249,100.485,0,16,30.000000,-0.000000,1.627441,0.523599,PASS
10.0,30.0,0.95,531.249,100.485,1,16,30.000000,-0.000000,2.171265,0.523599,PASS
10.0,30.0,0.95,531.249,100.485,2,12,30.000000,-0.000000,4.888367,0.523599,PASS
10.0,30.0,0.95,531.249,100.485,3,15,30.000000,-0.000000,0.890259,0.523599,PASS
10.0,30.0,0.95,531.249,100.485,4,15,30.000000,-0.000000,0.578064,0.523599,PASS
10.0,30.0,1.15,942.369,121.639,0,23,30.000000,-0.000000,0.623108,0.523599,PASS
10.0,30.0,1.15,942.369,121.639,1,25,30.000000,-0.000000,0.813293,0.523599,PASS
10.0,30.0,1.15,942.369,121.639,2,24,30.000000,-0.000000,0.730713,0.523599,PASS
10.0,30.0,1.15,942.369,121.639,3,21,30.000000,-0.000000,1.926880,0.523599,PASS
10.0,30.0,1.15,942.369,121.639,4,24,30.000000,-0.000000,0.610596,0.523599,PASS
10.0,30.0,1.35,1524.505,142.794,0,49,30.000000,-0.000000,0.499451,0.523599,PASS
10.0,30.0,1.35,1524.505,142.794,1,50,30.000000,-0.000000,0.565247,0.523599,PASS
10.0,30.0,1.35,1524.505,142.794,2,48,30.000000,-0.000000,1.309937,0.523599,PASS
10.0,30.0,1.35,1524.505,142.794,3,49,30.000000,-0.000000,0.511414,0.523599,PASS
10.0,30.0,1.35,1524.505,142.794,4,48,30.000000,-0.000000,1.043762,0.523599,PASS
10.0,30.0,1.60,2537.976,169.237,0,82,30.000000,-0.000000,0.785034,0.523599,PASS
10.0,30.0,1.60,2537.976,169.237,1,85,30.000000,-0.000000,0.532959,0.523599,PASS
10.0,30.0,1.60,2537.976,169.237,2,83,30.000000,-0.000000,1.163147,0.523599,PASS
10.0,30.0,1.60,2537.976,169.237,3,84,30.000000,-0.000000,0.586975,0.523599,PASS
10.0,30.0,1.60,2537.976,169.237,4,87,30.000000,-0.000000,0.896667,0.523599,PASS
10.0,35.0,0.75,261.403,79.330,0,2,37.931842,2.931842,1.557922,0.523599,PASS
10.0,35.0,0.75,261.403,79.330,1,2,37.206634,2.206634,1.319885,0.523599,PASS
10.0,35.0,0.75,261.403,79.330,2,2,35.000000,-0.000000,2.339172,0.523599,PASS
10.0,35.0,0.75,261.403,79.330,3,2,35.000000,0.000000,1.892090,0.523599,PASS
10.0,35.0,0.75,261.403,79.330,4,1,NaN,NaN,16.007996,0.523599,NO_LATTICE
10.0,35.0,0.95,531.249,100.485,0,8,35.000000,0.000000,1.246765,0.523599,PASS
10.0,35.0,0.95,531.249,100.485,1,8,35.000000,-0.000000,1.061462,0.523599,PASS
10.0,35.0,0.95,531.249,100.485,2,11,35.000000,-0.000000,0.541809,0.523599,PASS
10.0,35.0,0.95,531.249,100.485,3,9,35.000000,0.000000,0.584106,0.523599,PASS
10.0,35.0,0.95,531.249,100.485,4,8,35.000000,-0.000000,1.019165,0.523599,PASS
10.0,35.0,1.15,942.369,121.639,0,17,35.000000,0.000000,3.510925,0.523599,PASS
10.0,35.0,1.15,942.369,121.639,1,17,35.000000,0.000000,2.309753,0.523599,PASS
10.0,35.0,1.15,942.369,121.639,2,16,35.000000,-0.000000,2.900330,0.523599,PASS
10.0,35.0,1.15,942.369,121.639,3,17,35.000000,0.000000,0.738220,0.523599,PASS
10.0,35.0,1.15,942.369,121.639,4,19,35.000000,-0.000000,0.725708,0.523599,PASS
10.0,35.0,1.35,1524.505,142.794,0,26,35.000000,-0.000000,1.238159,0.523599,PASS
10.0,35.0,1.35,1524.505,142.794,1,30,35.000000,-0.000000,0.690857,0.523599,PASS
10.0,35.0,1.35,1524.505,142.794,2,28,35.000000,-0.000000,1.414612,0.523599,PASS
10.0,35.0,1.35,1524.505,142.794,3,25,35.000000,-0.000000,0.977966,0.523599,PASS
10.0,35.0,1.35,1524.505,142.794,4,27,35.000000,-0.000000,0.765625,0.523599,PASS
10.0,35.0,1.60,2537.976,169.237,0,58,35.000000,-0.000000,0.648193,0.523599,PASS
10.0,35.0,1.60,2537.976,169.237,1,58,35.000000,-0.000000,0.543762,0.523599,PASS
10.0,35.0,1.60,2537.976,169.237,2,59,35.000000,-0.000000,0.532959,0.523599,PASS
10.0,35.0,1.60,2537.976,169.237,3,58,35.000000,-0.000000,0.655396,0.523599,PASS
10.0,35.0,1.60,2537.976,169.237,4,53,35.000000,-0.000000,1.375610,0.523599,PASS
10.0,40.0,0.75,261.403,79.330,0,2,41.386503,1.386503,0.932312,0.523599,PASS
10.0,40.0,0.75,261.403,79.330,1,2,41.386503,1.386503,0.654602,0.523599,PASS
10.0,40.0,0.75,261.403,79.330,2,2,40.000000,-0.000000,0.692749,0.523599,PASS
10.0,40.0,0.75,261.403,79.330,3,2,42.942637,2.942637,0.932312,0.523599,PASS
10.0,40.0,0.75,261.403,79.330,4,1,NaN,NaN,16.007996,0.523599,NO_LATTICE
10.0,40.0,0.95,531.249,100.485,0,4,40.000000,0.000000,0.636475,0.523599,PASS
10.0,40.0,0.95,531.249,100.485,1,4,40.000000,-0.000000,2.662720,0.523599,PASS
10.0,40.0,0.95,531.249,100.485,2,5,40.000000,-0.000000,1.335388,0.523599,PASS
10.0,40.0,0.95,531.249,100.485,3,4,40.000000,0.000000,0.984924,0.523599,PASS
10.0,40.0,0.95,531.249,100.485,4,5,40.000000,-0.000000,0.797607,0.523599,PASS
10.0,40.0,1.15,942.369,121.639,0,15,40.000000,0.000000,1.508972,0.523599,PASS
10.0,40.0,1.15,942.369,121.639,1,16,40.000000,-0.000000,1.203674,0.523599,PASS
10.0,40.0,1.15,942.369,121.639,2,12,40.000000,-0.000000,3.032959,0.523599,PASS
10.0,40.0,1.15,942.369,121.639,3,14,40.000000,0.000000,1.005981,0.523599,PASS
10.0,40.0,1.15,942.369,121.639,4,15,40.000000,-0.000000,0.778259,0.523599,PASS
10.0,40.0,1.35,1524.505,142.794,0,18,40.000000,-0.000000,0.666931,0.523599,PASS
10.0,40.0,1.35,1524.505,142.794,1,17,40.000000,-0.000000,6.127991,0.523599,PASS
10.0,40.0,1.35,1524.505,142.794,2,18,40.000000,-0.000000,2.189209,0.523599,PASS
10.0,40.0,1.35,1524.505,142.794,3,18,40.000000,-0.000000,0.708801,0.523599,PASS
10.0,40.0,1.35,1524.505,142.794,4,22,40.000000,-0.000000,0.960022,0.523599,PASS
10.0,40.0,1.60,2537.976,169.237,0,36,40.000000,-0.000000,0.709412,0.523599,PASS
10.0,40.0,1.60,2537.976,169.237,1,35,40.000000,-0.000000,0.799438,0.523599,PASS
10.0,40.0,1.60,2537.976,169.237,2,37,40.000000,-0.000000,0.547363,0.523599,PASS
10.0,40.0,1.60,2537.976,169.237,3,37,40.000000,-0.000000,0.630188,0.523599,PASS
10.0,40.0,1.60,2537.976,169.237,4,35,40.000000,-0.000000,0.576172,0.523599,PASS
15.0,25.0,0.75,261.403,79.330,0,4,25.000000,-0.000000,1.440887,1.767146,PASS
15.0,25.0,0.75,261.403,79.330,1,4,25.000000,-0.000000,1.545258,1.767146,PASS
15.0,25.0,0.75,261.403,79.330,2,8,25.000000,-0.000000,1.184311,1.767146,PASS
15.0,25.0,0.75,261.403,79.330,3,6,25.000000,-0.000000,0.921936,1.767146,PASS
15.0,25.0,0.75,261.403,79.330,4,7,25.000000,-0.000000,1.208954,1.767146,PASS
15.0,25.0,0.95,531.249,100.485,0,17,25.000000,-0.000000,2.941681,1.767146,PASS
15.0,25.0,0.95,531.249,100.485,1,17,25.000000,-0.000000,2.439774,1.767146,PASS
15.0,25.0,0.95,531.249,100.485,2,18,25.000000,-0.000000,0.635620,1.767146,PASS
15.0,25.0,0.95,531.249,100.485,3,17,25.000000,-0.000000,0.965057,1.767146,PASS
15.0,25.0,0.95,531.249,100.485,4,20,25.000000,-0.000000,1.120087,1.767146,PASS
15.0,25.0,1.15,942.369,121.639,0,38,25.000000,-0.000000,0.691452,1.767146,PASS
15.0,25.0,1.15,942.369,121.639,1,37,25.000000,-0.000000,0.647781,1.767146,PASS
15.0,25.0,1.15,942.369,121.639,2,35,25.000000,-0.000000,0.630798,1.767146,PASS
15.0,25.0,1.15,942.369,121.639,3,39,25.000000,-0.000000,0.679321,1.767146,PASS
15.0,25.0,1.15,942.369,121.639,4,37,25.000000,-0.000000,0.752106,1.767146,PASS
15.0,25.0,1.35,1524.505,142.794,0,73,25.000000,-0.000000,0.629517,1.767146,PASS
15.0,25.0,1.35,1524.505,142.794,1,66,25.000000,-0.000000,0.772324,1.767146,PASS
15.0,25.0,1.35,1524.505,142.794,2,70,25.000000,-0.000000,0.813126,1.767146,PASS
15.0,25.0,1.35,1524.505,142.794,3,74,25.000000,-0.000000,0.527512,1.767146,PASS
15.0,25.0,1.35,1524.505,142.794,4,71,25.000000,-0.000000,1.288177,1.767146,PASS
15.0,25.0,1.60,2537.976,169.237,0,134,25.000000,-0.000000,0.613312,1.767146,PASS
15.0,25.0,1.60,2537.976,169.237,1,134,25.000000,-0.000000,0.504044,1.767146,PASS
15.0,25.0,1.60,2537.976,169.237,2,125,25.000000,-0.000000,0.542816,1.767146,PASS
15.0,25.0,1.60,2537.976,169.237,3,135,25.000000,-0.000000,0.507568,1.767146,PASS
15.0,25.0,1.60,2537.976,169.237,4,130,25.000000,-0.000000,0.578064,1.767146,PASS
15.0,30.0,0.75,261.403,79.330,0,2,32.547406,2.547406,1.659775,1.767146,PASS
15.0,30.0,0.75,261.403,79.330,1,1,NaN,NaN,18.372040,1.767146,NO_LATTICE
15.0,30.0,0.75,261.403,79.330,2,3,30.000000,-0.000000,0.529099,1.767146,PASS
15.0,30.0,0.75,261.403,79.330,3,2,30.000000,-0.000000,2.893372,1.767146,PASS
15.0,30.0,0.75,261.403,79.330,4,3,30.000000,-0.000000,0.982819,1.767146,PASS
15.0,30.0,0.95,531.249,100.485,0,14,30.000000,-0.000000,0.653061,1.767146,PASS
15.0,30.0,0.95,531.249,100.485,1,12,30.000000,-0.000000,0.686005,1.767146,PASS
15.0,30.0,0.95,531.249,100.485,2,12,30.000000,-0.000000,2.389389,1.767146,PASS
15.0,30.0,0.95,531.249,100.485,3,13,30.000000,-0.000000,1.071640,1.767146,PASS
15.0,30.0,0.95,531.249,100.485,4,10,30.000000,-0.000000,0.800339,1.767146,PASS
15.0,30.0,1.15,942.369,121.639,0,21,30.000000,-0.000000,0.524048,1.767146,PASS
15.0,30.0,1.15,942.369,121.639,1,19,30.000000,-0.000000,1.390182,1.767146,PASS
15.0,30.0,1.15,942.369,121.639,2,21,30.000000,-0.000000,0.545883,1.767146,PASS
15.0,30.0,1.15,942.369,121.639,3,20,30.000000,-0.000000,1.950623,1.767146,PASS
15.0,30.0,1.15,942.369,121.639,4,22,30.000000,-0.000000,1.851151,1.767146,PASS
15.0,30.0,1.35,1524.505,142.794,0,41,30.000000,-0.000000,0.655746,1.767146,PASS
15.0,30.0,1.35,1524.505,142.794,1,38,30.000000,-0.000000,0.702377,1.767146,PASS
15.0,30.0,1.35,1524.505,142.794,2,41,30.000000,-0.000000,0.579971,1.767146,PASS
15.0,30.0,1.35,1524.505,142.794,3,42,30.000000,-0.000000,0.556656,1.767146,PASS
15.0,30.0,1.35,1524.505,142.794,4,40,30.000000,-0.000000,1.229889,1.767146,PASS
15.0,30.0,1.60,2537.976,169.237,0,76,30.000000,-0.000000,0.870621,1.767146,PASS
15.0,30.0,1.60,2537.976,169.237,1,75,30.000000,-0.000000,0.712006,1.767146,PASS
15.0,30.0,1.60,2537.976,169.237,2,74,30.000000,-0.000000,1.022186,1.767146,PASS
15.0,30.0,1.60,2537.976,169.237,3,75,30.000000,-0.000000,0.588638,1.767146,PASS
15.0,30.0,1.60,2537.976,169.237,4,80,30.000000,-0.000000,0.941116,1.767146,PASS
15.0,35.0,0.75,261.403,79.330,0,2,36.576532,1.576532,1.643829,1.767146,PASS
15.0,35.0,0.75,261.403,79.330,1,1,NaN,NaN,18.372040,1.767146,NO_LATTICE
15.0,35.0,0.75,261.403,79.330,2,2,37.931842,2.931842,1.667023,1.767146,PASS
15.0,35.0,0.75,261.403,79.330,3,2,38.328450,3.328450,1.643829,1.767146,PASS
15.0,35.0,0.75,261.403,79.330,4,1,NaN,NaN,13.507233,1.767146,NO_LATTICE
15.0,35.0,0.95,531.249,100.485,0,6,35.000000,0.000000,1.575485,1.767146,PASS
15.0,35.0,0.95,531.249,100.485,1,6,35.000000,-0.000000,0.775146,1.767146,PASS
15.0,35.0,0.95,531.249,100.485,2,8,35.000000,-0.000000,1.122025,1.767146,PASS
15.0,35.0,0.95,531.249,100.485,3,5,35.000000,0.000000,2.745956,1.767146,PASS
15.0,35.0,0.95,531.249,100.485,4,6,35.000000,-0.000000,2.548294,1.767146,PASS
15.0,35.0,1.15,942.369,121.639,0,17,35.000000,0.000000,1.011703,1.767146,PASS
15.0,35.0,1.15,942.369,121.639,1,16,35.000000,0.000000,3.532471,1.767146,PASS
15.0,35.0,1.15,942.369,121.639,2,15,35.000000,-0.000000,0.662338,1.767146,PASS
15.0,35.0,1.15,942.369,121.639,3,16,35.000000,0.000000,1.814758,1.767146,PASS
15.0,35.0,1.15,942.369,121.639,4,15,35.000000,-0.000000,2.938065,1.767146,PASS
15.0,35.0,1.35,1524.505,142.794,0,22,35.000000,-0.000000,2.296570,1.767146,PASS
15.0,35.0,1.35,1524.505,142.794,1,24,35.000000,-0.000000,1.215317,1.767146,PASS
15.0,35.0,1.35,1524.505,142.794,2,23,35.000000,-0.000000,1.157028,1.767146,PASS
15.0,35.0,1.35,1524.505,142.794,3,21,35.000000,-0.000000,2.360687,1.767146,PASS
15.0,35.0,1.35,1524.505,142.794,4,23,35.000000,-0.000000,0.839355,1.767146,PASS
15.0,35.0,1.60,2537.976,169.237,0,52,35.000000,-0.000000,0.849472,1.767146,PASS
15.0,35.0,1.60,2537.976,169.237,1,50,35.000000,-0.000000,0.630936,1.767146,PASS
15.0,35.0,1.60,2537.976,169.237,2,50,35.000000,-0.000000,1.184326,1.767146,PASS
15.0,35.0,1.60,2537.976,169.237,3,51,35.000000,-0.000000,0.609787,1.767146,PASS
15.0,35.0,1.60,2537.976,169.237,4,48,35.000000,-0.000000,1.110306,1.767146,PASS
15.0,40.0,0.75,261.403,79.330,0,1,NaN,NaN,19.317169,1.767146,NO_LATTICE
15.0,40.0,0.75,261.403,79.330,1,1,NaN,NaN,18.372040,1.767146,NO_LATTICE
15.0,40.0,0.75,261.403,79.330,2,2,41.944411,1.944411,1.498871,1.767146,PASS
15.0,40.0,0.75,261.403,79.330,3,1,NaN,NaN,18.256073,1.767146,NO_LATTICE
15.0,40.0,0.75,261.403,79.330,4,1,NaN,NaN,13.507233,1.767146,NO_LATTICE
15.0,40.0,0.95,531.249,100.485,0,2,40.000000,0.000000,1.158844,1.767146,PASS
15.0,40.0,0.95,531.249,100.485,1,3,40.000000,-0.000000,0.841034,1.767146,PASS
15.0,40.0,0.95,531.249,100.485,2,3,40.000000,0.000000,0.932114,1.767146,PASS
15.0,40.0,0.95,531.249,100.485,3,2,40.000000,0.000000,4.838852,1.767146,PASS
15.0,40.0,0.95,531.249,100.485,4,3,40.000000,0.000000,2.461090,1.767146,PASS
15.0,40.0,1.15,942.369,121.639,0,11,40.000000,0.000000,1.601257,1.767146,PASS
15.0,40.0,1.15,942.369,121.639,1,11,40.000000,-0.000000,1.283432,1.767146,PASS
15.0,40.0,1.15,942.369,121.639,2,12,40.000000,-0.000000,0.533752,1.767146,PASS
15.0,40.0,1.15,942.369,121.639,3,13,40.000000,0.000000,0.764236,1.767146,PASS
15.0,40.0,1.15,942.369,121.639,4,10,40.000000,-0.000000,1.378052,1.767146,PASS
15.0,40.0,1.35,1524.505,142.794,0,17,40.000000,-0.000000,4.648514,1.767146,PASS
15.0,40.0,1.35,1524.505,142.794,1,17,40.000000,-0.000000,3.628464,1.767146,PASS
15.0,40.0,1.35,1524.505,142.794,2,16,40.000000,-0.000000,4.450333,1.767146,PASS
15.0,40.0,1.35,1524.505,142.794,3,17,40.000000,-0.000000,1.946838,1.767146,PASS
15.0,40.0,1.35,1524.505,142.794,4,20,40.000000,-0.000000,0.851013,1.767146,PASS
15.0,40.0,1.60,2537.976,169.237,0,29,40.000000,-0.000000,0.881195,1.767146,PASS
15.0,40.0,1.60,2537.976,169.237,1,32,40.000000,-0.000000,0.923492,1.767146,PASS
15.0,40.0,1.60,2537.976,169.237,2,30,40.000000,-0.000000,1.092682,1.767146,PASS
15.0,40.0,1.60,2537.976,169.237,3,32,40.000000,-0.000000,0.867096,1.767146,PASS
15.0,40.0,1.60,2537.976,169.237,4,28,40.000000,-0.000000,2.033798,1.767146,PASS
15.0,45.0,0.75,261.403,79.330,0,1,NaN,NaN,19.317169,1.767146,NO_LATTICE
15.0,45.0,0.75,261.403,79.330,1,1,NaN,NaN,18.372040,1.767146,NO_LATTICE
15.0,45.0,0.75,261.403,79.330,2,1,NaN,NaN,14.443665,1.767146,NO_LATTICE
15.0,45.0,0.75,261.403,79.330,3,1,NaN,NaN,18.256073,1.767146,NO_LATTICE
15.0,45.0,0.75,261.403,79.330,4,1,NaN,NaN,13.507233,1.767146,NO_LATTICE
15.0,45.0,0.95,531.249,100.485,0,2,49.185769,4.185769,0.873978,1.767146,PASS
15.0,45.0,0.95,531.249,100.485,1,2,48.412994,3.412994,1.180161,1.767146,PASS
15.0,45.0,0.95,531.249,100.485,2,2,45.000000,0.000000,2.335129,1.767146,PASS
15.0,45.0,0.95,531.249,100.485,3,2,45.000000,0.000000,0.746078,1.767146,PASS
15.0,45.0,0.95,531.249,100.485,4,2,45.519199,0.519199,0.571671,1.767146,PASS
15.0,45.0,1.15,942.369,121.639,0,6,45.000000,-0.000000,2.404312,1.767146,PASS
15.0,45.0,1.15,942.369,121.639,1,6,45.000000,-0.000000,1.817184,1.767146,PASS
15.0,45.0,1.15,942.369,121.639,2,8,45.000000,-0.000000,0.570145,1.767146,PASS
15.0,45.0,1.15,942.369,121.639,3,6,45.000000,-0.000000,1.800201,1.767146,PASS
15.0,45.0,1.15,942.369,121.639,4,6,45.000000,-0.000000,1.771088,1.767146,PASS
15.0,45.0,1.35,1524.505,142.794,0,16,45.000000,-0.000000,0.944275,1.767146,PASS
15.0,45.0,1.35,1524.505,142.794,1,16,45.000000,-0.000000,2.672531,1.767146,PASS
15.0,45.0,1.35,1524.505,142.794,2,13,45.000000,-0.000000,1.454300,1.767146,PASS
15.0,45.0,1.35,1524.505,142.794,3,15,45.000000,-0.000000,0.955933,1.767146,PASS
15.0,45.0,1.35,1524.505,142.794,4,15,45.000000,-0.000000,1.999298,1.767146,PASS
15.0,45.0,1.60,2537.976,169.237,0,21,45.000000,-0.000000,0.870621,1.767146,PASS
15.0,45.0,1.60,2537.976,169.237,1,19,45.000000,-0.000000,1.448685,1.767146,PASS
15.0,45.0,1.60,2537.976,169.237,2,20,45.000000,-0.000000,3.108856,1.767146,PASS
15.0,45.0,1.60,2537.976,169.237,3,20,45.000000,-0.000000,1.124405,1.767146,PASS
15.0,45.0,1.60,2537.976,169.237,4,22,45.000000,-0.000000,4.074646,1.767146,PASS
20.0,30.0,0.75,261.403,79.330,0,2,31.214607,1.214607,1.268921,4.188790,PASS
20.0,30.0,0.75,261.403,79.330,1,1,NaN,NaN,15.872498,4.188790,NO_LATTICE
20.0,30.0,0.75,261.403,79.330,2,2,32.547406,2.547406,0.946198,4.188790,PASS
20.0,30.0,0.75,261.403,79.330,3,2,32.948128,2.948128,1.268921,4.188790,PASS
20.0,30.0,0.75,261.403,79.330,4,1,NaN,NaN,11.006927,4.188790,NO_LATTICE
20.0,30.0,0.95,531.249,100.485,0,8,30.000000,-0.000000,1.148590,4.188790,PASS
20.0,30.0,0.95,531.249,100.485,1,9,30.000000,-0.000000,1.176514,4.188790,PASS
20.0,30.0,0.95,531.249,100.485,2,10,30.000000,-0.000000,1.200714,4.188790,PASS
20.0,30.0,0.95,531.249,100.485,3,8,30.000000,-0.000000,1.157898,4.188790,PASS
20.0,30.0,0.95,531.249,100.485,4,8,30.000000,-0.000000,0.841431,4.188790,PASS
20.0,30.0,1.15,942.369,121.639,0,17,30.000000,-0.000000,3.945404,4.188790,PASS
20.0,30.0,1.15,942.369,121.639,1,17,30.000000,-0.000000,3.564728,4.188790,PASS
20.0,30.0,1.15,942.369,121.639,2,18,30.000000,-0.000000,0.554565,4.188790,PASS
20.0,30.0,1.15,942.369,121.639,3,18,30.000000,-0.000000,0.620361,4.188790,PASS
20.0,30.0,1.15,942.369,121.639,4,20,30.000000,-0.000000,0.996338,4.188790,PASS
20.0,30.0,1.35,1524.505,142.794,0,34,30.000000,-0.000000,0.556274,4.188790,PASS
20.0,30.0,1.35,1524.505,142.794,1,35,30.000000,-0.000000,0.556274,4.188790,PASS
20.0,30.0,1.35,1524.505,142.794,2,33,30.000000,-0.000000,0.996185,4.188790,PASS
20.0,30.0,1.35,1524.505,142.794,3,32,30.000000,-0.000000,0.661285,4.188790,PASS
20.0,30.0,1.35,1524.505,142.794,4,33,30.000000,-0.000000,1.614899,4.188790,PASS
20.0,30.0,1.60,2537.976,169.237,0,70,30.000000,-0.000000,0.665558,4.188790,PASS
20.0,30.0,1.60,2537.976,169.237,1,64,30.000000,-0.000000,0.544861,4.188790,PASS
20.0,30.0,1.60,2537.976,169.237,2,69,30.000000,-0.000000,0.617279,4.188790,PASS
20.0,30.0,1.60,2537.976,169.237,3,69,30.000000,-0.000000,0.700043,4.188790,PASS
20.0,30.0,1.60,2537.976,169.237,4,70,30.000000,-0.000000,1.200073,4.188790,PASS
20.0,35.0,0.75,261.403,79.330,0,1,NaN,NaN,16.817322,4.188790,NO_LATTICE
20.0,35.0,0.75,261.403,79.330,1,1,NaN,NaN,15.872498,4.188790,NO_LATTICE
20.0,35.0,0.75,261.403,79.330,2,2,37.206634,2.206634,0.965424,4.188790,PASS
20.0,35.0,0.75,261.403,79.330,3,1,NaN,NaN,15.755768,4.188790,NO_LATTICE
20.0,35.0,0.75,261.403,79.330,4,1,NaN,NaN,11.006927,4.188790,NO_LATTICE
20.0,35.0,0.95,531.249,100.485,0,3,35.000000,0.000000,0.556610,4.188790,PASS
20.0,35.0,0.95,531.249,100.485,1,3,35.000000,-0.000000,0.474701,4.188790,PASS
20.0,35.0,0.95,531.249,100.485,2,4,35.000000,-0.000000,0.794891,4.188790,PASS
20.0,35.0,0.95,531.249,100.485,3,4,35.000000,0.000000,0.619904,4.188790,PASS
20.0,35.0,0.95,531.249,100.485,4,5,35.000000,-0.000000,0.696228,4.188790,PASS
20.0,35.0,1.15,942.369,121.639,0,16,35.000000,0.000000,0.827148,4.188790,PASS
20.0,35.0,1.15,942.369,121.639,1,16,35.000000,0.000000,1.033936,4.188790,PASS
20.0,35.0,1.15,942.369,121.639,2,12,35.000000,-0.000000,4.652710,4.188790,PASS
20.0,35.0,1.15,942.369,121.639,3,14,35.000000,0.000000,0.991638,4.188790,PASS
20.0,35.0,1.15,942.369,121.639,4,14,35.000000,-0.000000,0.733154,4.188790,PASS
20.0,35.0,1.35,1524.505,142.794,0,21,35.000000,-0.000000,0.666962,4.188790,PASS
20.0,35.0,1.35,1524.505,142.794,1,19,35.000000,-0.000000,1.033081,4.188790,PASS
20.0,35.0,1.35,1524.505,142.794,2,20,35.000000,-0.000000,2.191040,4.188790,PASS
20.0,35.0,1.35,1524.505,142.794,3,20,35.000000,-0.000000,2.174011,4.188790,PASS
20.0,35.0,1.35,1524.505,142.794,4,22,35.000000,-0.000000,2.866516,4.188790,PASS
20.0,35.0,1.60,2537.976,169.237,0,41,35.000000,-0.000000,1.162140,4.188790,PASS
20.0,35.0,1.60,2537.976,169.237,1,41,35.000000,-0.000000,0.569000,4.188790,PASS
20.0,35.0,1.60,2537.976,169.237,2,45,35.000000,-0.000000,0.631073,4.188790,PASS
20.0,35.0,1.60,2537.976,169.237,3,43,35.000000,-0.000000,0.617279,4.188790,PASS
20.0,35.0,1.60,2537.976,169.237,4,44,35.000000,-0.000000,0.937988,4.188790,PASS
20.0,40.0,0.75,261.403,79.330,0,1,NaN,NaN,16.817322,4.188790,NO_LATTICE
20.0,40.0,0.75,261.403,79.330,1,1,NaN,NaN,15.872498,4.188790,NO_LATTICE
20.0,40.0,0.75,261.403,79.330,2,2,40.918843,0.918843,1.182404,4.188790,PASS
20.0,40.0,0.75,261.403,79.330,3,1,NaN,NaN,15.755768,4.188790,NO_LATTICE
20.0,40.0,0.75,261.403,79.330,4,1,NaN,NaN,11.006927,4.188790,NO_LATTICE
20.0,40.0,0.95,531.249,100.485,0,2,43.804314,3.804314,1.310547,4.188790,PASS
20.0,40.0,0.95,531.249,100.485,1,2,42.331716,2.331716,1.312408,4.188790,PASS
20.0,40.0,0.95,531.249,100.485,2,2,40.000000,0.000000,1.818756,4.188790,PASS
20.0,40.0,0.95,531.249,100.485,3,2,40.000000,0.000000,2.338135,4.188790,PASS
20.0,40.0,0.95,531.249,100.485,4,3,40.000000,0.000000,0.688782,4.188790,PASS
20.0,40.0,1.15,942.369,121.639,0,8,40.000000,0.000000,0.939941,4.188790,PASS
20.0,40.0,1.15,942.369,121.639,1,8,40.000000,-0.000000,1.139679,4.188790,PASS
20.0,40.0,1.15,942.369,121.639,2,9,40.000000,-0.000000,1.889282,4.188790,PASS
20.0,40.0,1.15,942.369,121.639,3,8,40.000000,0.000000,1.040985,4.188790,PASS
20.0,40.0,1.15,942.369,121.639,4,7,40.000000,-0.000000,0.563965,4.188790,PASS
20.0,40.0,1.35,1524.505,142.794,0,17,40.000000,-0.000000,2.148468,4.188790,PASS
20.0,40.0,1.35,1524.505,142.794,1,17,40.000000,-0.000000,1.129578,4.188790,PASS
20.0,40.0,1.35,1524.505,142.794,2,16,40.000000,-0.000000,1.949799,4.188790,PASS
20.0,40.0,1.35,1524.505,142.794,3,16,40.000000,-0.000000,3.414276,4.188790,PASS
20.0,40.0,1.35,1524.505,142.794,4,16,40.000000,-0.000000,1.714233,4.188790,PASS
20.0,40.0,1.60,2537.976,169.237,0,26,40.000000,-0.000000,0.706940,4.188790,PASS
20.0,40.0,1.60,2537.976,169.237,1,29,40.000000,-0.000000,0.879364,4.188790,PASS
20.0,40.0,1.60,2537.976,169.237,2,27,40.000000,-0.000000,0.610382,4.188790,PASS
20.0,40.0,1.60,2537.976,169.237,3,22,40.000000,0.000000,3.113983,4.188790,PASS
20.0,40.0,1.60,2537.976,169.237,4,25,40.000000,-0.000000,0.762115,4.188790,PASS
20.0,45.0,0.75,261.403,79.330,0,1,NaN,NaN,16.817322,4.188790,NO_LATTICE
20.0,45.0,0.75,261.403,79.330,1,1,NaN,NaN,15.872498,4.188790,NO_LATTICE
20.0,45.0,0.75,261.403,79.330,2,1,NaN,NaN,11.943512,4.188790,NO_LATTICE
20.0,45.0,0.75,261.403,79.330,3,1,NaN,NaN,15.755768,4.188790,NO_LATTICE
20.0,45.0,0.75,261.403,79.330,4,1,NaN,NaN,11.006927,4.188790,NO_LATTICE
20.0,45.0,0.95,531.249,100.485,0,2,47.711592,2.711592,1.230499,4.188790,PASS
20.0,45.0,0.95,531.249,100.485,1,2,47.084755,2.084755,0.884247,4.188790,PASS
20.0,45.0,0.95,531.249,100.485,2,2,49.185769,4.185769,1.049927,4.188790,PASS
20.0,45.0,0.95,531.249,100.485,3,2,49.597891,4.597891,1.230499,4.188790,PASS
20.0,45.0,0.95,531.249,100.485,4,1,NaN,NaN,19.920685,4.188790,NO_LATTICE
20.0,45.0,1.15,942.369,121.639,0,4,45.000000,-0.000000,1.245422,4.188790,PASS
20.0,45.0,1.15,942.369,121.639,1,4,45.000000,-0.000000,2.255859,4.188790,PASS
20.0,45.0,1.15,942.369,121.639,2,6,45.000000,-0.000000,0.566315,4.188790,PASS
20.0,45.0,1.15,942.369,121.639,3,4,45.000000,0.000000,1.492157,4.188790,PASS
20.0,45.0,1.15,942.369,121.639,4,5,45.000000,-0.000000,0.324280,4.188790,PASS
20.0,45.0,1.35,1524.505,142.794,0,14,45.000000,-0.000000,1.373657,4.188790,PASS
20.0,45.0,1.35,1524.505,142.794,1,15,45.000000,-0.000000,0.771973,4.188790,PASS
20.0,45.0,1.35,1524.505,142.794,2,12,45.000000,-0.000000,2.997070,4.188790,PASS
20.0,45.0,1.35,1524.505,142.794,3,13,45.000000,-0.000000,2.236450,4.188790,PASS
20.0,45.0,1.35,1524.505,142.794,4,14,45.000000,-0.000000,0.610199,4.188790,PASS
20.0,45.0,1.60,2537.976,169.237,0,18,45.000000,-0.000000,1.044891,4.188790,PASS
20.0,45.0,1.60,2537.976,169.237,1,18,45.000000,-0.000000,0.775909,4.188790,PASS
20.0,45.0,1.60,2537.976,169.237,2,20,45.000000,-0.000000,0.610382,4.188790,PASS
20.0,45.0,1.60,2537.976,169.237,3,18,45.000000,-0.000000,0.603485,4.188790,PASS
20.0,45.0,1.60,2537.976,169.237,4,22,45.000000,-0.000000,1.575958,4.188790,PASS
20.0,50.0,0.75,261.403,79.330,0,1,NaN,NaN,16.817322,4.188790,NO_LATTICE
20.0,50.0,0.75,261.403,79.330,1,1,NaN,NaN,15.872498,4.188790,NO_LATTICE
20.0,50.0,0.75,261.403,79.330,2,1,NaN,NaN,11.943512,4.188790,NO_LATTICE
20.0,50.0,0.75,261.403,79.330,3,1,NaN,NaN,15.755768,4.188790,NO_LATTICE
20.0,50.0,0.75,261.403,79.330,4,1,NaN,NaN,11.006927,4.188790,NO_LATTICE
20.0,50.0,0.95,531.249,100.485,0,1,NaN,NaN,25.302490,4.188790,NO_LATTICE
20.0,50.0,0.95,531.249,100.485,1,1,NaN,NaN,24.539246,4.188790,NO_LATTICE
20.0,50.0,0.95,531.249,100.485,2,2,53.092541,3.092541,0.832123,4.188790,PASS
20.0,50.0,0.95,531.249,100.485,3,1,NaN,NaN,24.436859,4.188790,NO_LATTICE
20.0,50.0,0.95,531.249,100.485,4,1,NaN,NaN,19.920685,4.188790,NO_LATTICE
20.0,50.0,1.15,942.369,121.639,0,2,50.000000,-0.000000,1.151428,4.188790,PASS
20.0,50.0,1.15,942.369,121.639,1,2,55.073271,5.073271,1.550903,4.188790,PASS
20.0,50.0,1.15,942.369,121.639,2,2,50.000000,-0.000000,3.903107,4.188790,PASS
20.0,50.0,1.15,942.369,121.639,3,2,50.000000,-0.000000,3.834961,4.188790,PASS
20.0,50.0,1.15,942.369,121.639,4,3,50.000000,-0.000000,1.221924,4.188790,PASS
20.0,50.0,1.35,1524.505,142.794,0,8,50.000000,-0.000000,0.723724,4.188790,PASS
20.0,50.0,1.35,1524.505,142.794,1,8,50.000000,-0.000000,0.871307,4.188790,PASS
20.0,50.0,1.35,1524.505,142.794,2,9,50.000000,-0.000000,2.117249,4.188790,PASS
20.0,50.0,1.35,1524.505,142.794,3,8,50.000000,-0.000000,1.061462,4.188790,PASS
20.0,50.0,1.35,1524.505,142.794,4,7,50.000000,-0.000000,0.837250,4.188790,PASS
20.0,50.0,1.60,2537.976,169.237,0,17,50.000000,-0.000000,2.203583,4.188790,PASS
20.0,50.0,1.60,2537.976,169.237,1,17,50.000000,-0.000000,0.955231,4.188790,PASS
20.0,50.0,1.60,2537.976,169.237,2,16,50.000000,-0.000000,3.393311,4.188790,PASS
20.0,50.0,1.60,2537.976,169.237,3,16,50.000000,-0.000000,4.441650,4.188790,PASS
20.0,50.0,1.60,2537.976,169.237,4,16,50.000000,-0.000000,2.558777,4.188790,PASS
